Game Date,Home Team,Away Team,Bookmaker Used,ML Away,ML Home,Spread Away,Spread Away Odds,Spread Home,Spread Home Odds,Total,Over Odds,Under Odds,Away Record,Away Score,Home Record,Home Score,ML_Diff,Log_Odds_Diff,Spread_Diff,Model ATS Pick,ATS Confidence,Model Total Pick,Total Confidence,Predicted Home Score,Predicted Away Score,ATS Fireballs,Total Fireballs
2025-03-27,New York Yankees,Milwaukee Brewers,MyBookie.ag,2.21,1.7,1.5,1.59,-1.5,2.45,8.0,1.99,1.88,0-1,2.0,1-0,4.0,-0.51,-0.262364264467491,-3.0,Home,0.5946593645341357,Under,0.7244360012693108,4.320960475837087,4.4603917178017864,ðŸ”¥ðŸ”¥,ðŸ”¥ðŸ”¥ðŸ”¥
2025-03-27,Toronto Blue Jays,Baltimore Orioles,MyBookie.ag,2.0,1.85,-1.5,2.6,1.5,1.5,8.5,1.97,1.88,1-0,12.0,0-1,2.0,-0.1499999999999999,-0.0779615414697118,3.0,Home,0.8840811677901075,Over,0.8440809778751134,3.4402119765186847,7.22095966084258,ðŸ”¥ðŸ”¥ðŸ”¥ðŸ”¥,ðŸ”¥ðŸ”¥ðŸ”¥ðŸ”¥
2025-03-27,Texas Rangers,Boston Red Sox,MyBookie.ag,1.86,1.99,-1.5,2.45,1.5,1.59,7.5,1.87,1.98,1-0,5.0,0-1,2.0,0.1299999999999999,0.06755815101129109,3.0,Home,0.7665708259416122,Under,0.764704133723578,3.8061964933186205,2.5993303027869925,ðŸ”¥ðŸ”¥ðŸ”¥,ðŸ”¥ðŸ”¥ðŸ”¥
2025-03-27,Washington Nationals,Philadelphia Phillies,MyBookie.ag,1.65,2.3,-1.5,2.15,1.5,1.74,7.0,1.83,2.03,1-0,7.0,0-1,3.0,0.6499999999999999,0.3321338350226147,3.0,Away,0.5850040460486963,Over,0.626424134238734,4.383571998142966,3.964717971891342,ðŸ”¥ðŸ”¥,ðŸ”¥ðŸ”¥
2025-03-27,San Diego Padres,Atlanta Braves,MyBookie.ag,1.78,2.09,-1.5,2.45,1.5,1.59,7.0,2.03,1.83,0-1,4.0,1-0,7.0,0.30999999999999983,0.16055070167272575,3.0,Away,0.5545385782974215,Over,0.6460618515343832,4.4512798903403406,2.43814024528328,ðŸ”¥,ðŸ”¥ðŸ”¥
2025-03-27,Chicago White Sox,Los Angeles Angels,MyBookie.ag,1.64,2.33,-1.5,2.1,1.5,1.77,7.5,1.93,1.92,0-1,1.0,1-0,8.0,0.6900000000000002,0.35117202574150225,3.0,Away,0.5850040460486963,Over,0.7893805951232548,4.278732325495647,4.05710418005676,ðŸ”¥ðŸ”¥,ðŸ”¥ðŸ”¥ðŸ”¥ðŸ”¥
2025-03-27,Cincinnati Reds,San Francisco Giants,MyBookie.ag,1.94,1.91,1.5,1.43,-1.5,2.75,8.0,2.02,1.84,1-0,6.0,0-1,4.0,-0.030000000000000027,-0.015584731016698316,-3.0,Away,0.6522709649643261,Over,0.6162371171745176,3.701031010684945,4.659595977237064,ðŸ”¥ðŸ”¥,ðŸ”¥ðŸ”¥
2025-03-27,Kansas City Royals,Cleveland Guardians,MyBookie.ag,2.09,1.78,1.5,1.53,-1.5,2.55,7.5,1.87,1.98,1-0,7.0,0-1,4.0,-0.30999999999999983,-0.16055070167272573,-3.0,Away,0.6618015718039931,Over,0.8575046914268045,5.321525223150345,2.647540540619724,ðŸ”¥ðŸ”¥,ðŸ”¥ðŸ”¥ðŸ”¥ðŸ”¥
2025-03-27,Houston Astros,New York Mets,MyBookie.ag,2.11,1.77,1.5,1.56,-1.5,2.5,7.5,1.85,2.01,0-1,1.0,1-0,3.0,-0.33999999999999986,-0.17570840090223722,-3.0,Away,0.6618015718039931,Under,0.6647172040043269,3.607843850523229,3.649667223183154,ðŸ”¥ðŸ”¥,ðŸ”¥ðŸ”¥
2025-03-27,Miami Marlins,Pittsburgh Pirates,MyBookie.ag,1.67,2.27,-1.5,2.25,1.5,1.69,6.5,2.0,1.85,0-1,4.0,1-0,5.0,0.6000000000000001,0.3069562050646477,3.0,Away,0.5850040460486963,Over,0.7964401231728612,4.383571998142966,3.964717971891342,ðŸ”¥ðŸ”¥,ðŸ”¥ðŸ”¥ðŸ”¥ðŸ”¥
2025-03-27,St. Louis Cardinals,Minnesota Twins,MyBookie.ag,1.89,1.96,-1.5,2.5,1.5,1.56,7.5,1.98,1.87,0-1,3.0,1-0,5.0,0.07000000000000006,0.03636764417087479,3.0,Home,0.5885731354355342,Over,0.6370330432269037,3.9668644134091395,3.833137753821531,ðŸ”¥ðŸ”¥,ðŸ”¥ðŸ”¥
2025-03-27,Los Angeles Dodgers,Detroit Tigers,MyBookie.ag,2.46,1.58,1.5,1.67,-1.5,2.3,6.5,1.83,2.03,0-1,4.0,3-0,5.0,-0.8799999999999999,-0.4427365029053959,-3.0,Home,0.7735169403514501,Over,0.6900664566789627,5.205020134028454,2.8788470999821194,ðŸ”¥ðŸ”¥ðŸ”¥,ðŸ”¥ðŸ”¥ðŸ”¥
2025-03-28,Arizona Diamondbacks,Chicago Cubs,MyBookie.ag,2.06,1.8,1.5,1.53,-1.5,2.55,8.0,1.86,1.99,1-3,1.0,1-1,8.0,-0.26,-0.13491931789937076,-3.0,Away,0.6641213324975923,Under,0.6550116142215723,7.135530639966352,1.6729454446024208,ðŸ”¥ðŸ”¥,ðŸ”¥ðŸ”¥
2025-03-28,Seattle Mariners,Oakland Athletics,MyBookie.ag,2.38,1.61,1.5,1.65,-1.5,2.35,7.0,1.98,1.87,,,,,-0.7699999999999998,-0.39086630868701167,-3.0,Home,0.7735169403514501,Under,0.5890039807823525,6.089623493644957,2.988646896541259,ðŸ”¥ðŸ”¥ðŸ”¥,ðŸ”¥
2025-03-28,Tampa Bay Rays,Colorado Rockies,MyBookie.ag,2.79,1.47,1.5,1.87,-1.5,1.95,8.0,2.01,1.84,0-1,2.0,1-0,3.0,-1.32,-0.6407791950426294,-3.0,Home,0.885429927295354,Under,0.7204367618500624,3.975028231723924,3.649186555060488,ðŸ”¥ðŸ”¥ðŸ”¥ðŸ”¥ðŸ”¥,ðŸ”¥ðŸ”¥ðŸ”¥
2025-03-28,Toronto Blue Jays,Baltimore Orioles,MyBookie.ag,2.07,1.8,1.5,1.53,-1.5,2.55,8.5,1.88,1.97,1-1,2.0,1-1,8.0,-0.2699999999999998,-0.1397619423751586,-3.0,Away,0.6973235086445821,Over,0.8667852227619045,7.655553558936871,3.210967228805486,ðŸ”¥ðŸ”¥ðŸ”¥,ðŸ”¥ðŸ”¥ðŸ”¥ðŸ”¥
2025-03-28,Miami Marlins,Pittsburgh Pirates,MyBookie.ag,1.71,2.2,-1.5,2.2,1.5,1.71,8.0,1.87,1.98,1-1,4.0,1-1,3.0,0.4900000000000002,0.2519639898497018,3.0,Home,0.6109487555406944,Under,0.849105532545349,4.200942059494411,1.698775348113687,ðŸ”¥ðŸ”¥,ðŸ”¥ðŸ”¥ðŸ”¥ðŸ”¥
2025-03-29,Arizona Diamondbacks,Chicago Cubs,MyBookie.ag,2.13,1.75,1.5,1.56,-1.5,2.5,8.5,1.86,2.0,2-3,4.0,1-2,3.0,-0.3799999999999999,-0.19650619178591094,-3.0,Home,0.6459018297539538,Under,0.5243049221652499,3.7807025520724524,4.853657429826536,ðŸ”¥ðŸ”¥,ðŸ”¥
2025-03-29,Seattle Mariners,Oakland Athletics,MyBookie.ag,2.18,1.72,1.5,1.56,-1.5,2.5,7.0,1.91,1.94,,,,,-0.4600000000000002,-0.23700058597563606,-3.0,Away,0.7010632044809229,Over,0.5412364185369443,4.381131769637504,4.5846308659489425,ðŸ”¥ðŸ”¥ðŸ”¥,ðŸ”¥
2025-03-29,Los Angeles Dodgers,Detroit Tigers,MyBookie.ag,2.82,1.46,1.5,1.93,-1.5,1.88,7.5,2.03,1.82,0-3,3.0,5-0,7.0,-1.3599999999999999,-0.6583004492297772,-3.0,Home,0.8112959961020119,Over,0.6491346782606744,5.408186731149763,2.9798261019825376,ðŸ”¥ðŸ”¥ðŸ”¥ðŸ”¥,ðŸ”¥ðŸ”¥
2025-03-29,New York Yankees,Milwaukee Brewers,MyBookie.ag,2.37,1.62,1.5,1.69,-1.5,2.25,9.0,1.87,1.98,0-2,9.0,2-0,20.0,-0.75,-0.38046380590274714,-3.0,Home,0.8899560761027004,Under,0.6310135930639694,5.577687696973659,3.603981110221935,ðŸ”¥ðŸ”¥ðŸ”¥ðŸ”¥ðŸ”¥,ðŸ”¥ðŸ”¥
2025-03-29,Chicago White Sox,Los Angeles Angels,MyBookie.ag,1.62,2.37,-1.5,2.0,1.5,1.83,8.0,1.89,1.96,1-1,1.0,1-1,0.0,0.75,0.38046380590274714,3.0,Home,0.6109487555406944,Under,0.7081203197576715,5.070103834334656,4.065852319276695,ðŸ”¥ðŸ”¥,ðŸ”¥ðŸ”¥ðŸ”¥
2025-03-29,St. Louis Cardinals,Minnesota Twins,MyBookie.ag,1.88,1.97,-1.5,2.45,1.5,1.59,7.5,1.9,1.94,0-2,1.0,2-0,5.0,0.09000000000000008,0.046761765908039286,3.0,Home,0.5531554192078514,Under,0.7611762932716514,5.159787470622432,2.3473079358972107,ðŸ”¥,ðŸ”¥ðŸ”¥ðŸ”¥
2025-03-29,Toronto Blue Jays,Baltimore Orioles,MyBookie.ag,2.1,1.77,1.5,1.56,-1.5,2.5,8.5,1.87,1.98,2-1,9.0,1-2,5.0,-0.33000000000000007,-0.17095779814363954,-3.0,Away,0.5477925132118477,Over,0.676041228283137,4.624959799121909,4.405434078907281,ðŸ”¥,ðŸ”¥ðŸ”¥
2025-03-29,Washington Nationals,Philadelphia Phillies,MyBookie.ag,1.62,2.36,-1.5,2.0,1.5,1.83,9.0,1.97,1.88,2-0,11.0,0-2,6.0,0.7399999999999998,0.37623546979322586,3.0,Away,0.547866458500217,Over,0.724031768333977,5.105245629904703,6.83373395088382,ðŸ”¥,ðŸ”¥ðŸ”¥ðŸ”¥
2025-03-29,Cincinnati Reds,San Francisco Giants,MyBookie.ag,2.05,1.81,1.5,1.5,-1.5,2.6,8.5,1.91,1.93,1-1,2.0,1-1,3.0,-0.23999999999999977,-0.1245129478725823,-3.0,Away,0.7295512361057399,Under,0.7882036742885853,3.4160295138752477,2.5933810767731926,ðŸ”¥ðŸ”¥ðŸ”¥,ðŸ”¥ðŸ”¥ðŸ”¥ðŸ”¥
2025-03-29,Kansas City Royals,Cleveland Guardians,MyBookie.ag,2.04,1.82,1.5,1.5,-1.5,2.6,8.5,1.91,1.94,1-1,3.0,1-1,4.0,-0.21999999999999997,-0.11411330676742099,-3.0,Away,0.7747192300978932,Under,0.7773414189510306,3.4160295138752477,3.3279135007680494,ðŸ”¥ðŸ”¥ðŸ”¥,ðŸ”¥ðŸ”¥ðŸ”¥
2025-03-29,Tampa Bay Rays,Colorado Rockies,MyBookie.ag,2.56,1.54,1.5,1.77,-1.5,2.1,8.0,1.86,1.99,1-1,2.0,1-1,1.0,-1.02,-0.5082248420659333,-3.0,Home,0.885429927295354,Under,0.8154397860436695,3.975028231723924,3.6901612022885986,ðŸ”¥ðŸ”¥ðŸ”¥ðŸ”¥ðŸ”¥,ðŸ”¥ðŸ”¥ðŸ”¥ðŸ”¥
2025-03-29,Miami Marlins,Pittsburgh Pirates,MyBookie.ag,1.81,2.06,-1.5,2.3,1.5,1.67,8.5,1.94,1.9,1-2,4.0,2-1,5.0,0.25,0.12937913752375532,3.0,Home,0.7209785766297091,Over,0.6319797103912443,4.17088984125259,4.717280438809348,ðŸ”¥ðŸ”¥ðŸ”¥,ðŸ”¥ðŸ”¥
2025-03-29,Texas Rangers,Boston Red Sox,MyBookie.ag,1.99,1.86,1.5,1.48,-1.5,2.65,9.0,1.95,1.9,1-2,3.0,2-1,4.0,-0.1299999999999999,-0.06755815101129109,-3.0,Home,0.7739841561853594,Over,0.5846074893424521,5.2243415515447165,7.75932113439861,ðŸ”¥ðŸ”¥ðŸ”¥,ðŸ”¥
2025-03-29,San Diego Padres,Atlanta Braves,MyBookie.ag,1.73,2.17,-1.5,2.2,1.5,1.71,8.0,1.84,2.01,0-3,0.0,3-0,1.0,0.43999999999999995,0.22660575904268052,3.0,Home,0.6109487555406944,Under,0.8109766991256521,4.200942059494411,1.698775348113687,ðŸ”¥ðŸ”¥,ðŸ”¥ðŸ”¥ðŸ”¥ðŸ”¥
2025-03-29,Houston Astros,New York Mets,MyBookie.ag,2.03,1.83,1.5,1.53,-1.5,2.55,8.5,1.86,1.99,1-2,1.0,2-1,2.0,-0.19999999999999973,-0.10371982620036625,-3.0,Away,0.7663007111727678,Under,0.6567429381241439,3.4160295138752477,3.3279135007680494,ðŸ”¥ðŸ”¥ðŸ”¥,ðŸ”¥ðŸ”¥
2025-03-30,Los Angeles Dodgers,Detroit Tigers,MyBookie.ag,2.85,1.45,1.5,1.87,-1.5,1.95,8.0,1.95,1.9,,,,,-1.4000000000000001,-0.6757554378480762,-3.0,Home,0.885429927295354,Under,0.787721055008887,3.975028231723924,3.649186555060488,ðŸ”¥ðŸ”¥ðŸ”¥ðŸ”¥ðŸ”¥,ðŸ”¥ðŸ”¥ðŸ”¥ðŸ”¥
2025-03-30,New York Yankees,Milwaukee Brewers,MyBookie.ag,2.19,1.71,1.5,1.59,-1.5,2.45,8.5,1.98,1.87,0-3,3.0,3-0,12.0,-0.48,-0.24740817331384096,-3.0,Home,0.536864912949848,Under,0.5401547767207451,3.7980957087501186,4.212592123839169,ðŸ”¥,ðŸ”¥
2025-03-30,Washington Nationals,Philadelphia Phillies,MyBookie.ag,1.7,2.21,-1.5,2.15,1.5,1.74,9.0,2.02,1.83,2-1,1.0,1-2,5.0,0.51,0.26236426446749106,3.0,Away,0.547866458500217,Over,0.5390071678951899,5.166701367221565,4.67155909787801,ðŸ”¥,ðŸ”¥
2025-03-30,Toronto Blue Jays,Baltimore Orioles,MyBookie.ag,2.12,1.76,1.5,1.56,-1.5,2.5,9.0,2.0,1.85,2-2,1.0,2-2,3.0,-0.3600000000000001,-0.18610227963386075,-3.0,Home,0.707239062227435,Under,0.6488997433037308,5.284104550919748,4.119681058756612,ðŸ”¥ðŸ”¥ðŸ”¥,ðŸ”¥ðŸ”¥
2025-03-30,Cincinnati Reds,San Francisco Giants,MyBookie.ag,1.85,2.0,-1.5,2.45,1.5,1.59,8.0,1.9,1.94,2-1,6.0,1-2,3.0,0.1499999999999999,0.07796154146971171,3.0,Home,0.8439757755078959,Under,0.5643573572297284,4.932594835582137,3.0727713643759227,ðŸ”¥ðŸ”¥ðŸ”¥ðŸ”¥,ðŸ”¥
2025-03-30,Tampa Bay Rays,Colorado Rockies,MyBookie.ag,2.54,1.55,1.5,1.74,-1.5,2.15,7.5,1.9,1.95,1-2,4.0,2-1,6.0,-0.99,-0.49390915009928993,-3.0,Home,0.8112959961020119,Over,0.6425026685546873,5.408186731149763,3.020800749210648,ðŸ”¥ðŸ”¥ðŸ”¥ðŸ”¥,ðŸ”¥ðŸ”¥
2025-03-30,Miami Marlins,Pittsburgh Pirates,MyBookie.ag,1.91,1.94,-1.5,2.55,1.5,1.53,7.5,1.89,1.96,1-3,2.0,3-1,3.0,0.030000000000000027,0.01558473101669833,3.0,Home,0.7724270816846087,Under,0.6505169585424833,3.9668644134091395,3.3454401818583523,ðŸ”¥ðŸ”¥ðŸ”¥,ðŸ”¥ðŸ”¥
2025-03-30,Chicago White Sox,Los Angeles Angels,MyBookie.ag,1.79,2.08,-1.5,2.35,1.5,1.65,8.5,1.98,1.87,2-1,3.0,1-2,2.0,0.29000000000000004,0.15015227386056307,3.0,Away,0.5446438211861949,Over,0.6164778407963738,3.7180606461324004,4.717280438809348,ðŸ”¥,ðŸ”¥ðŸ”¥
2025-03-30,Kansas City Royals,Cleveland Guardians,MyBookie.ag,2.0,1.86,-1.5,2.65,1.5,1.48,7.0,1.86,1.99,2-1,6.0,1-2,2.0,-0.1399999999999999,-0.07257069283483537,3.0,Home,0.852089790411425,Over,0.6281496519320415,3.7966157240442606,5.6698016948342165,ðŸ”¥ðŸ”¥ðŸ”¥ðŸ”¥,ðŸ”¥ðŸ”¥
2025-03-30,St. Louis Cardinals,Minnesota Twins,MyBookie.ag,1.83,2.03,-1.5,2.45,1.5,1.59,8.0,1.92,1.92,0-3,2.0,3-0,9.0,0.19999999999999973,0.10371982620036631,3.0,Home,0.8460563393710644,Over,0.6414898032780464,4.932594835582137,3.0727713643759227,ðŸ”¥ðŸ”¥ðŸ”¥ðŸ”¥,ðŸ”¥ðŸ”¥
2025-03-30,Texas Rangers,Boston Red Sox,MyBookie.ag,2.47,1.57,1.5,1.68,-1.5,2.25,7.5,1.93,1.92,1-3,2.0,3-1,3.0,-0.9000000000000001,-0.45314253127966914,-3.0,Home,0.8112959961020119,Under,0.5089268352357624,4.729230272086665,3.138474380747559,ðŸ”¥ðŸ”¥ðŸ”¥ðŸ”¥,ðŸ”¥
2025-03-30,Arizona Diamondbacks,Chicago Cubs,MyBookie.ag,2.08,1.79,1.5,1.53,-1.5,2.58,9.0,1.84,2.01,2-4,6.0,2-2,10.0,-0.29000000000000004,-0.15015227386056304,-3.0,Home,0.5930930618727238,Over,0.6098508884022187,8.913467620245424,4.3871878237188255,ðŸ”¥ðŸ”¥,ðŸ”¥ðŸ”¥
2025-03-30,Seattle Mariners,Oakland Athletics,MyBookie.ag,2.43,1.59,1.5,1.64,-1.5,2.34,7.5,2.03,1.83,,,,,-0.8400000000000001,-0.4241572411203169,-3.0,Home,0.8112959961020119,Under,0.5388411045511736,4.729230272086665,3.3838827174496977,ðŸ”¥ðŸ”¥ðŸ”¥ðŸ”¥,ðŸ”¥
2025-03-30,San Diego Padres,Atlanta Braves,MyBookie.ag,2.09,1.78,1.5,1.53,-1.5,2.55,8.0,1.98,1.87,0-4,0.0,4-0,5.0,-0.30999999999999983,-0.16055070167272573,-3.0,Away,0.5097201383135311,Under,0.5133351629962242,6.844794483694131,1.932550013828942,ðŸ”¥,ðŸ”¥
2025-03-31,Chicago White Sox,Minnesota Twins,MyBookie.ag,1.54,2.56,-1.5,1.91,1.5,1.91,7.5,1.89,1.96,0-4,0.0,2-2,9.0,1.02,0.5082248420659332,3.0,Away,0.5850040460486963,Over,0.6540225681763432,4.278732325495647,4.05710418005676,ðŸ”¥ðŸ”¥,ðŸ”¥ðŸ”¥
2025-03-31,Milwaukee Brewers,Kansas City Royals,MyBookie.ag,1.97,1.88,1.5,1.48,-1.5,2.65,8.5,1.95,1.89,2-2,11.0,0-4,1.0,-0.09000000000000008,-0.04676176590803933,-3.0,Away,0.6891593944619372,Over,0.7035721039291563,3.099972134552967,8.045174950828864,ðŸ”¥ðŸ”¥ðŸ”¥,ðŸ”¥ðŸ”¥ðŸ”¥
2025-03-31,Baltimore Orioles,Boston Red Sox,MyBookie.ag,2.23,1.69,1.5,1.65,-1.5,2.35,9.5,1.9,1.95,1-4,5.0,3-2,8.0,-0.54,-0.2772730565370453,-3.0,Home,0.6055552616334775,Over,0.8188325465310434,5.934786432969236,4.175655439348025,ðŸ”¥ðŸ”¥,ðŸ”¥ðŸ”¥ðŸ”¥ðŸ”¥
2025-03-31,Philadelphia Phillies,Colorado Rockies,MyBookie.ag,3.3,1.36,1.5,2.1,-1.5,1.77,8.5,1.83,2.03,1-3,1.0,3-1,6.0,-1.9399999999999997,-0.8864377687244738,-3.0,Home,0.8592837168465792,Under,0.8525664926244608,3.7651510859942405,3.939358956420146,ðŸ”¥ðŸ”¥ðŸ”¥ðŸ”¥,ðŸ”¥ðŸ”¥ðŸ”¥ðŸ”¥
2025-03-31,Cincinnati Reds,Texas Rangers,MyBookie.ag,1.88,1.97,-1.5,2.4,1.5,1.62,9.0,2.01,1.84,3-2,3.0,2-2,14.0,0.09000000000000008,0.046761765908039286,3.0,Home,0.5299437331775853,Under,0.5067706813432155,7.024169942749618,3.8026866726832167,ðŸ”¥,ðŸ”¥
2025-03-31,Miami Marlins,New York Mets,MyBookie.ag,1.51,2.65,-1.5,1.87,1.5,1.95,8.5,1.95,1.9,2-2,10.0,3-2,4.0,1.14,0.5624499891712978,3.0,Away,0.5752676931768557,Over,0.7696303142567478,3.7376949873738945,6.3044099991722025,ðŸ”¥,ðŸ”¥ðŸ”¥ðŸ”¥
2025-03-31,Tampa Bay Rays,Pittsburgh Pirates,MyBookie.ag,2.66,1.5,1.5,1.8,-1.5,2.05,8.0,1.91,1.93,1-4,1.0,3-1,6.0,-1.1600000000000001,-0.5728610146854433,-3.0,Home,0.885429927295354,Under,0.8614853737255515,3.975028231723924,3.649186555060488,ðŸ”¥ðŸ”¥ðŸ”¥ðŸ”¥ðŸ”¥,ðŸ”¥ðŸ”¥ðŸ”¥ðŸ”¥
2025-03-31,Toronto Blue Jays,Washington Nationals,MyBookie.ag,2.41,1.6,1.5,1.71,-1.5,2.2,8.0,1.86,1.99,1-3,2.0,3-2,5.0,-0.81,-0.4096231182568281,-3.0,Home,0.885429927295354,Under,0.7123182608035435,5.224275353470144,3.6095642516562383,ðŸ”¥ðŸ”¥ðŸ”¥ðŸ”¥ðŸ”¥,ðŸ”¥ðŸ”¥ðŸ”¥
2025-03-31,St. Louis Cardinals,Los Angeles Angels,MyBookie.ag,2.24,1.69,1.5,1.62,-1.5,2.4,8.5,1.99,1.86,3-1,5.0,3-1,4.0,-0.5500000000000003,-0.2817473369319666,-3.0,Home,0.536864912949848,Over,0.6231161506281462,5.577909798489,3.590276453267574,ðŸ”¥,ðŸ”¥ðŸ”¥
2025-04-01,Houston Astros,San Francisco Giants,MyBookie.ag,2.05,1.81,1.5,1.5,-1.5,2.6,8.0,2.0,1.85,4-1,3.0,2-3,1.0,-0.23999999999999977,-0.1245129478725823,-3.0,Away,0.690709624865362,Under,0.9040268601068246,3.298015865575219,1.1940967698811566,ðŸ”¥ðŸ”¥ðŸ”¥,ðŸ”¥ðŸ”¥ðŸ”¥ðŸ”¥ðŸ”¥
2025-04-01,San Diego Padres,Cleveland Guardians,MyBookie.ag,2.1,1.77,1.5,1.53,-1.5,2.55,8.0,1.89,1.96,2-3,0.0,6-0,7.0,-0.33000000000000007,-0.17095779814363954,-3.0,Away,0.5097201383135311,Over,0.8516514145195364,3.88912625690207,2.9346766963923723,ðŸ”¥,ðŸ”¥ðŸ”¥ðŸ”¥ðŸ”¥
2025-04-01,Seattle Mariners,Detroit Tigers,MyBookie.ag,2.03,1.82,1.5,1.48,-1.5,2.65,7.5,2.03,1.82,2-3,4.0,2-4,1.0,-0.20999999999999974,-0.10919929196499184,-3.0,Away,0.7785177741662338,Under,0.9097635719945631,1.2758763601164012,2.2858840451558775,ðŸ”¥ðŸ”¥ðŸ”¥,ðŸ”¥ðŸ”¥ðŸ”¥ðŸ”¥ðŸ”¥
2025-04-01,Oakland Athletics,Chicago Cubs,MyBookie.ag,1.78,2.09,-1.5,2.25,1.5,1.69,8.5,1.91,1.93,,,,,0.30999999999999983,0.16055070167272575,3.0,Away,0.5446438211861949,Under,0.7191763258659207,3.7180606461324004,4.717280438809348,ðŸ”¥,ðŸ”¥ðŸ”¥ðŸ”¥
2025-04-01,Los Angeles Dodgers,Atlanta Braves,MyBookie.ag,2.86,1.45,1.5,1.91,-1.5,1.91,8.0,1.91,1.94,0-6,1.0,7-0,3.0,-1.41,-0.6792580683992783,-3.0,Home,0.885429927295354,Under,0.8293855376182987,3.975028231723924,3.649186555060488,ðŸ”¥ðŸ”¥ðŸ”¥ðŸ”¥ðŸ”¥,ðŸ”¥ðŸ”¥ðŸ”¥ðŸ”¥
2025-04-01,Cincinnati Reds,Texas Rangers,MyBookie.ag,1.71,2.2,-1.5,2.15,1.5,1.74,8.5,1.82,2.04,4-2,1.0,2-3,0.0,0.4900000000000002,0.2519639898497018,3.0,Away,0.5752676931768557,Under,0.8109766991256521,2.8121599993505972,3.937333028009192,ðŸ”¥,ðŸ”¥ðŸ”¥ðŸ”¥ðŸ”¥
2025-04-01,Miami Marlins,New York Mets,MyBookie.ag,1.63,2.34,-1.5,2.05,1.5,1.8,7.5,1.88,1.97,2-3,2.0,4-2,4.0,0.71,0.36157091455093904,3.0,Away,0.5850040460486963,Under,0.6346315672420837,4.278732325495647,4.05710418005676,ðŸ”¥ðŸ”¥,ðŸ”¥ðŸ”¥
2025-04-01,New York Yankees,Arizona Diamondbacks,MyBookie.ag,1.92,1.93,-1.5,2.5,1.5,1.56,8.5,1.98,1.87,3-2,7.0,3-1,5.0,0.010000000000000009,0.00519481687710393,3.0,Away,0.578428454426242,Over,0.7058975573472885,4.564029724125539,4.721772183517621,ðŸ”¥,ðŸ”¥ðŸ”¥ðŸ”¥
2025-04-01,Tampa Bay Rays,Pittsburgh Pirates,MyBookie.ag,2.43,1.59,1.5,1.74,-1.5,2.15,9.0,2.02,1.84,1-5,0.0,4-1,7.0,-0.8400000000000001,-0.4241572411203169,-3.0,Home,0.8899560761027004,Under,0.8380130172783342,4.0960461227700415,3.603981110221935,ðŸ”¥ðŸ”¥ðŸ”¥ðŸ”¥ðŸ”¥,ðŸ”¥ðŸ”¥ðŸ”¥ðŸ”¥
2025-04-01,Toronto Blue Jays,Washington Nationals,MyBookie.ag,2.39,1.61,1.5,1.66,-1.5,2.31,8.5,1.94,1.9,1-4,3.0,4-2,5.0,-0.78,-0.3950591869470476,-3.0,Home,0.8592837168465792,Under,0.5197592958652921,5.137540808639397,3.7587514038001455,ðŸ”¥ðŸ”¥ðŸ”¥ðŸ”¥,ðŸ”¥
2025-04-01,Chicago White Sox,Minnesota Twins,MyBookie.ag,1.62,2.37,-1.5,2.05,1.5,1.8,7.5,2.02,1.84,1-4,8.0,2-3,3.0,0.75,0.38046380590274714,3.0,Away,0.5850040460486963,Over,0.6745201627866457,4.278732325495647,4.05710418005676,ðŸ”¥ðŸ”¥,ðŸ”¥ðŸ”¥
2025-04-01,Milwaukee Brewers,Kansas City Royals,MyBookie.ag,2.03,1.83,-1.5,2.6,1.5,1.5,8.5,1.91,1.94,2-3,0.0,1-4,5.0,-0.19999999999999973,-0.10371982620036625,3.0,Away,0.5678978245347345,Under,0.9114841191762847,4.084333114616273,2.6351757738633843,ðŸ”¥,ðŸ”¥ðŸ”¥ðŸ”¥ðŸ”¥ðŸ”¥
2025-04-01,St. Louis Cardinals,Los Angeles Angels,MyBookie.ag,2.29,1.66,1.5,1.62,-1.5,2.39,8.5,1.97,1.88,4-1,9.0,3-2,7.0,-0.6300000000000001,-0.3217342151976965,-3.0,Home,0.7296282263452277,Over,0.6473267673762886,4.86934710373314,3.7845185619815522,ðŸ”¥ðŸ”¥ðŸ”¥,ðŸ”¥ðŸ”¥
2025-04-02,Los Angeles Dodgers,Atlanta Braves,MyBookie.ag,2.18,1.72,1.5,1.56,-1.5,2.5,7.5,1.87,1.98,0-7,5.0,8-0,6.0,-0.4600000000000002,-0.23700058597563606,-3.0,Away,0.650716467720953,Over,0.7473437402238697,3.9102962433098614,4.7274281351759875,ðŸ”¥ðŸ”¥,ðŸ”¥ðŸ”¥ðŸ”¥
2025-04-02,Cincinnati Reds,Texas Rangers,MyBookie.ag,2.15,1.74,1.5,1.56,-1.5,2.5,8.5,1.91,1.94,5-2,1.0,2-4,0.0,-0.4099999999999999,-0.21158272891313376,-3.0,Home,0.6650896280399559,Under,0.5374687328612827,3.7134882745866067,4.189900810981133,ðŸ”¥ðŸ”¥ðŸ”¥,ðŸ”¥
2025-04-02,Milwaukee Brewers,Kansas City Royals,MyBookie.ag,2.01,1.84,-1.5,2.65,1.5,1.48,7.5,1.9,1.95,2-4,2.0,2-4,3.0,-0.1699999999999997,-0.08836915045008996,3.0,Home,0.6482289418703772,Under,0.901720807458963,2.720189206489404,2.216930342479193,ðŸ”¥ðŸ”¥,ðŸ”¥ðŸ”¥ðŸ”¥ðŸ”¥ðŸ”¥
2025-04-02,Tampa Bay Rays,Pittsburgh Pirates,MyBookie.ag,1.88,1.96,-1.5,2.58,1.5,1.53,7.0,1.96,1.89,2-5,4.0,4-2,2.0,0.08000000000000007,0.04167269640056808,3.0,Home,0.5531554192078514,Over,0.5542992304610574,4.437699939736778,3.8248883702902923,ðŸ”¥,ðŸ”¥
2025-04-02,St. Louis Cardinals,Los Angeles Angels,MyBookie.ag,2.24,1.68,1.5,1.62,-1.5,2.4,8.5,1.98,1.87,4-2,5.0,4-2,12.0,-0.5600000000000003,-0.28768207245178107,-3.0,Home,0.536864912949848,Over,0.5129643061846526,5.577909798489,3.590276453267574,ðŸ”¥,ðŸ”¥
2025-04-02,Chicago White Sox,Minnesota Twins,MyBookie.ag,1.53,2.59,-1.5,1.91,1.5,1.91,7.0,1.85,2.0,2-4,6.0,2-4,1.0,1.0599999999999998,0.5263901403071023,3.0,Away,0.5850040460486963,Over,0.7332014603161331,4.235296964339407,3.948737335417598,ðŸ”¥ðŸ”¥,ðŸ”¥ðŸ”¥ðŸ”¥
2025-04-02,Toronto Blue Jays,Washington Nationals,MyBookie.ag,1.88,1.97,-1.5,2.45,1.5,1.59,8.5,1.98,1.87,1-5,2.0,5-2,4.0,0.09000000000000008,0.046761765908039286,3.0,Away,0.5057369349836491,Over,0.5800842475488055,5.9385722032458785,4.000565149550573,ðŸ”¥,ðŸ”¥
2025-04-02,Oakland Athletics,Chicago Cubs,MyBookie.ag,2.02,1.84,-1.5,2.6,1.5,1.5,8.5,1.83,2.03,,,,,-0.17999999999999994,-0.09333193979221911,3.0,Home,0.6551419572817117,Under,0.890662845345771,4.084333114616273,4.1106801812583456,ðŸ”¥ðŸ”¥,ðŸ”¥ðŸ”¥ðŸ”¥ðŸ”¥ðŸ”¥
2025-04-02,San Diego Padres,Cleveland Guardians,MyBookie.ag,2.6,1.52,1.5,1.74,-1.5,2.13,7.5,1.86,1.99,2-4,2.0,7-0,5.0,-1.08,-0.5368011101692512,-3.0,Home,0.8112959961020119,Under,0.7209499056642354,5.408186731149763,3.020800749210648,ðŸ”¥ðŸ”¥ðŸ”¥ðŸ”¥,ðŸ”¥ðŸ”¥ðŸ”¥
2025-04-02,Seattle Mariners,Detroit Tigers,MyBookie.ag,1.78,2.09,-1.5,2.45,1.5,1.59,6.5,1.95,1.9,2-4,2.0,3-4,3.0,0.30999999999999983,0.16055070167272575,3.0,Away,0.5545385782974215,Under,0.5344151271908426,4.4512798903403406,2.43814024528328,ðŸ”¥,ðŸ”¥
2025-04-02,Houston Astros,San Francisco Giants,MyBookie.ag,2.42,1.59,1.5,1.66,-1.5,2.31,7.5,1.98,1.87,5-1,6.0,2-4,3.0,-0.8299999999999998,-0.4200335239364548,-3.0,Home,0.8112959961020119,Under,0.5017141052302605,4.729230272086665,3.3838827174496977,ðŸ”¥ðŸ”¥ðŸ”¥ðŸ”¥,ðŸ”¥
2025-04-02,Miami Marlins,New York Mets,MyBookie.ag,1.45,2.85,-1.5,1.77,1.5,2.1,9.0,2.03,1.83,3-3,6.0,4-3,5.0,1.4000000000000001,0.6757554378480762,3.0,Away,0.547866458500217,Over,0.847322930744741,5.105245629904703,6.83373395088382,ðŸ”¥,ðŸ”¥ðŸ”¥ðŸ”¥ðŸ”¥
2025-04-02,Baltimore Orioles,Boston Red Sox,MyBookie.ag,1.83,2.03,-1.5,2.45,1.5,1.59,7.5,1.87,1.98,2-4,3.0,3-3,0.0,0.19999999999999973,0.10371982620036631,3.0,Home,0.7128665707406929,Under,0.5916621442559495,3.8061964933186205,3.064023225155988,ðŸ”¥ðŸ”¥ðŸ”¥,ðŸ”¥ðŸ”¥
2025-04-02,Philadelphia Phillies,Colorado Rockies,MyBookie.ag,3.7,1.3,1.5,2.25,-1.5,1.69,7.0,1.9,1.95,1-4,1.0,4-1,5.0,-2.4000000000000004,-1.0459685551826876,-3.0,Home,0.7735169403514501,Under,0.7413189058118183,5.883976593091552,2.720198821217098,ðŸ”¥ðŸ”¥ðŸ”¥,ðŸ”¥ðŸ”¥ðŸ”¥
2025-04-02,New York Yankees,Arizona Diamondbacks,MyBookie.ag,2.21,1.7,1.5,1.59,-1.5,2.45,8.0,2.03,1.83,4-2,4.0,3-2,3.0,-0.51,-0.262364264467491,-3.0,Home,0.5946593645341357,Under,0.7679596089471885,4.320960475837087,4.4603917178017864,ðŸ”¥ðŸ”¥,ðŸ”¥ðŸ”¥ðŸ”¥
2025-04-03,Los Angeles Dodgers,Atlanta Braves,MyBookie.ag,3.14,1.39,1.5,2.05,-1.5,1.8,8.0,1.86,1.99,,,,,-1.7500000000000002,-0.8149190527775617,-3.0,Home,0.885429927295354,Under,0.8662234004024204,3.975028231723924,3.649186555060488,ðŸ”¥ðŸ”¥ðŸ”¥ðŸ”¥ðŸ”¥,ðŸ”¥ðŸ”¥ðŸ”¥ðŸ”¥
2025-04-03,Baltimore Orioles,Boston Red Sox,MyBookie.ag,2.07,1.79,1.5,1.5,-1.5,2.6,9.5,1.93,1.91,3-4,8.0,3-4,4.0,-0.2799999999999998,-0.145332987424614,-3.0,Home,0.565362440256219,Over,0.5772756019026295,8.913467620245424,4.012310450220464,ðŸ”¥,ðŸ”¥
2025-04-03,Philadelphia Phillies,Colorado Rockies,MyBookie.ag,2.8,1.47,1.5,1.97,-1.5,1.85,10.0,1.9,1.95,1-5,1.0,5-1,3.0,-1.3299999999999998,-0.6443570163905132,-3.0,Home,0.8899560761027004,Under,0.7857717193837672,4.328803125760425,3.683592798280323,ðŸ”¥ðŸ”¥ðŸ”¥ðŸ”¥ðŸ”¥,ðŸ”¥ðŸ”¥ðŸ”¥ðŸ”¥
2025-04-03,Minnesota Twins,Houston Astros,MyBookie.ag,2.22,1.69,1.5,1.53,-1.5,2.55,7.0,1.83,2.03,3-4,5.0,2-5,2.0,-0.5300000000000002,-0.2727786669492061,-3.0,Away,0.6175973144863152,Over,0.7711647988483842,4.398157986169526,5.587719073187911,ðŸ”¥ðŸ”¥,ðŸ”¥ðŸ”¥ðŸ”¥
2025-04-03,New York Yankees,Arizona Diamondbacks,MyBookie.ag,2.02,1.84,1.5,1.53,-1.5,2.55,10.0,1.9,1.94,4-3,7.0,4-2,9.0,-0.17999999999999994,-0.09333193979221911,-3.0,Home,0.5998913656542049,Over,0.61609645913037,5.880434056076011,5.353449150210686,ðŸ”¥ðŸ”¥,ðŸ”¥ðŸ”¥
2025-04-03,Milwaukee Brewers,Cincinnati Reds,MyBookie.ag,2.03,1.83,1.5,1.5,-1.5,2.6,8.0,1.9,1.95,2-5,0.0,3-4,1.0,-0.19999999999999973,-0.10371982620036625,-3.0,Away,0.6689561706200093,Over,0.5314452196819922,3.332375193592922,2.014074371685093,ðŸ”¥ðŸ”¥ðŸ”¥,ðŸ”¥
2025-04-04,Detroit Tigers,Chicago White Sox,MyBookie.ag,3.21,1.38,1.5,2.0,-1.5,1.84,7.0,1.83,2.03,2-5,4.0,3-4,7.0,-1.83,-0.8441874379728111,-3.0,Home,0.7735169403514501,Over,0.5368515519709778,5.883976593091552,2.720198821217098,ðŸ”¥ðŸ”¥ðŸ”¥,ðŸ”¥
2025-04-04,Boston Red Sox,St. Louis Cardinals,MyBookie.ag,2.06,1.8,1.5,1.55,-1.5,2.54,9.0,1.89,1.95,4-3,9.0,4-4,13.0,-0.26,-0.13491931789937076,-3.0,Away,0.634981041886167,Over,0.7051015274004127,10.382827780486451,4.025322652056413,ðŸ”¥ðŸ”¥,ðŸ”¥ðŸ”¥ðŸ”¥
2025-04-04,Chicago Cubs,San Diego Padres,MyBookie.ag,2.43,1.59,1.5,1.69,-1.5,2.25,7.0,1.93,1.91,7-1,1.0,6-4,3.0,-0.8400000000000001,-0.4241572411203169,-3.0,Home,0.7735169403514501,Over,0.6067684957611288,5.205020134028454,3.1194233053668654,ðŸ”¥ðŸ”¥ðŸ”¥,ðŸ”¥ðŸ”¥
2025-04-04,New York Mets,Toronto Blue Jays,MyBookie.ag,2.08,1.78,1.5,1.56,-1.5,2.5,7.5,1.95,1.89,5-3,0.0,4-3,5.0,-0.30000000000000004,-0.15575452940923287,-3.0,Away,0.6618015718039931,Under,0.7064651164789307,4.788599849796221,2.3868968932597228,ðŸ”¥ðŸ”¥,ðŸ”¥ðŸ”¥ðŸ”¥
2025-04-04,Colorado Rockies,Oakland Athletics,MyBookie.ag,1.85,2.02,-1.5,2.35,1.5,1.65,9.5,2.03,1.83,,,,,0.16999999999999993,0.08791187232287989,3.0,Home,0.7428134526963752,Under,0.5882371005791476,5.310965475867884,4.711029607100446,ðŸ”¥ðŸ”¥ðŸ”¥,ðŸ”¥
2025-04-04,Pittsburgh Pirates,New York Yankees,MyBookie.ag,1.58,2.44,-1.5,2.02,1.5,1.82,7.5,1.87,1.98,5-2,9.0,2-6,4.0,0.8599999999999999,0.4345731922662349,3.0,Away,0.5850040460486963,Under,0.6346315672420837,4.278732325495647,4.05710418005676,ðŸ”¥ðŸ”¥,ðŸ”¥ðŸ”¥
2025-04-04,San Francisco Giants,Seattle Mariners,MyBookie.ag,2.21,1.69,1.5,1.57,-1.5,2.48,7.5,1.88,1.96,3-5,9.0,6-1,10.0,-0.52,-0.2682639865946794,-3.0,Away,0.5619762786859408,Over,0.8089635919367775,4.626211797692688,5.7533898971437525,ðŸ”¥,ðŸ”¥ðŸ”¥ðŸ”¥ðŸ”¥
2025-04-04,Washington Nationals,Arizona Diamondbacks,MyBookie.ag,1.67,2.27,-1.5,2.15,1.5,1.74,8.5,1.99,1.86,5-3,6.0,1-6,4.0,0.6000000000000001,0.3069562050646477,3.0,Away,0.5752676931768557,Over,0.8007109603003797,3.799150724690758,6.320390635645947,ðŸ”¥,ðŸ”¥ðŸ”¥ðŸ”¥ðŸ”¥
2025-04-04,Philadelphia Phillies,Los Angeles Dodgers,MyBookie.ag,1.71,2.19,-1.5,2.25,1.5,1.7,8.0,1.93,1.93,8-1,2.0,6-1,3.0,0.48,0.24740817331384096,3.0,Home,0.6109487555406944,Under,0.7517163731325343,4.200942059494411,1.698775348113687,ðŸ”¥ðŸ”¥,ðŸ”¥ðŸ”¥ðŸ”¥
2025-04-04,Atlanta Braves,Miami Marlins,MyBookie.ag,2.97,1.42,1.5,1.87,-1.5,1.95,7.5,1.9,1.95,4-4,0.0,1-7,10.0,-1.5500000000000003,-0.737905081201439,-3.0,Home,0.8112959961020119,Over,0.5911771274022354,5.408186731149763,2.9798261019825376,ðŸ”¥ðŸ”¥ðŸ”¥ðŸ”¥,ðŸ”¥
2025-04-04,Kansas City Royals,Baltimore Orioles,MyBookie.ag,1.93,1.92,1.5,1.42,-1.5,2.8,8.0,2.0,1.85,3-5,2.0,3-4,8.0,-0.010000000000000009,-0.005194816877104023,-3.0,Home,0.5391684147334923,Over,0.6416548854106897,4.002028931683613,4.061972287595763,ðŸ”¥,ðŸ”¥ðŸ”¥
2025-04-05,Los Angeles Angels,Cleveland Guardians,MyBookie.ag,1.87,1.97,-1.5,2.45,1.5,1.59,8.0,1.98,1.87,3-5,4.0,5-3,10.0,0.09999999999999987,0.05209511188340187,3.0,Home,0.9140981487268873,Under,0.5278761447274882,6.444982216959332,2.3064481939799206,ðŸ”¥ðŸ”¥ðŸ”¥ðŸ”¥ðŸ”¥,ðŸ”¥
2025-04-05,Detroit Tigers,Chicago White Sox,MyBookie.ag,3.0,1.42,1.5,1.91,-1.5,1.91,7.5,2.01,1.84,2-6,2.0,4-4,7.0,-1.58,-0.7479554170549403,-3.0,Home,0.8112959961020119,Over,0.6491346782606744,5.408186731149763,2.9798261019825376,ðŸ”¥ðŸ”¥ðŸ”¥ðŸ”¥,ðŸ”¥ðŸ”¥
2025-04-05,Minnesota Twins,Houston Astros,MyBookie.ag,2.06,1.8,1.5,1.5,-1.5,2.6,7.5,1.86,1.99,3-5,1.0,3-5,6.0,-0.26,-0.13491931789937076,-3.0,Away,0.7882088433896312,Under,0.8374494339604687,5.040661910719751,1.9447551180732041,ðŸ”¥ðŸ”¥ðŸ”¥,ðŸ”¥ðŸ”¥ðŸ”¥ðŸ”¥
2025-04-05,Chicago Cubs,San Diego Padres,MyBookie.ag,2.01,1.84,1.5,1.43,-1.5,2.75,7.0,1.98,1.87,7-2,1.0,7-4,7.0,-0.1699999999999997,-0.08836915045008996,-3.0,Away,0.5376917506085547,Under,0.8746620077385718,1.7557184404886896,2.7264880388367594,ðŸ”¥,ðŸ”¥ðŸ”¥ðŸ”¥ðŸ”¥ðŸ”¥
2025-04-05,Washington Nationals,Arizona Diamondbacks,MyBookie.ag,1.73,2.16,-1.5,2.2,1.5,1.71,9.0,1.94,1.9,5-4,3.0,2-6,4.0,0.43000000000000016,0.22198681318638608,3.0,Away,0.547866458500217,Under,0.8082532395239858,4.28428790479697,4.341890354493818,ðŸ”¥,ðŸ”¥ðŸ”¥ðŸ”¥ðŸ”¥
2025-04-05,Philadelphia Phillies,Los Angeles Dodgers,MyBookie.ag,1.88,1.98,-1.5,2.5,1.5,1.56,8.5,1.89,1.96,9-1,3.0,6-2,1.0,0.10000000000000009,0.051825067864586155,3.0,Home,0.8278133222706715,Under,0.800417041699844,4.159138480396593,3.858545385529344,ðŸ”¥ðŸ”¥ðŸ”¥ðŸ”¥,ðŸ”¥ðŸ”¥ðŸ”¥ðŸ”¥
2025-04-05,Pittsburgh Pirates,New York Yankees,MyBookie.ag,1.64,2.33,-1.5,1.98,1.5,1.85,10.0,1.97,1.88,6-2,10.0,2-7,4.0,0.6900000000000002,0.35117202574150225,3.0,Away,0.547866458500217,Over,0.8588838951409897,5.105245629904703,6.83373395088382,ðŸ”¥,ðŸ”¥ðŸ”¥ðŸ”¥ðŸ”¥
2025-04-05,Kansas City Royals,Baltimore Orioles,MyBookie.ag,1.97,1.88,1.5,1.45,-1.5,2.7,8.0,1.92,1.92,4-5,8.0,3-5,1.0,-0.09000000000000008,-0.04676176590803933,-3.0,Away,0.6415516561276327,Over,0.8223563944865577,3.1613489622302553,6.72864600065856,ðŸ”¥ðŸ”¥,ðŸ”¥ðŸ”¥ðŸ”¥ðŸ”¥
2025-04-05,Boston Red Sox,St. Louis Cardinals,MyBookie.ag,2.05,1.81,1.5,1.53,-1.5,2.55,9.0,2.0,1.85,9-9,,10-10,,-0.23999999999999977,-0.1245129478725823,-3.0,Away,0.6707121763789348,Under,0.7568009384785866,5.880434056076011,3.3947242981881702,ðŸ”¥ðŸ”¥ðŸ”¥,ðŸ”¥ðŸ”¥ðŸ”¥
2025-04-05,Texas Rangers,Tampa Bay Rays,MyBookie.ag,2.49,1.57,1.5,1.71,-1.5,2.2,7.5,1.9,1.95,4-4,4.0,7-2,6.0,-0.9200000000000002,-0.4612070911163996,-3.0,Home,0.8112959961020119,Over,0.8377029397090064,4.729230272086665,3.138474380747559,ðŸ”¥ðŸ”¥ðŸ”¥ðŸ”¥,ðŸ”¥ðŸ”¥ðŸ”¥ðŸ”¥
2025-04-05,Milwaukee Brewers,Cincinnati Reds,MyBookie.ag,1.99,1.86,1.5,1.48,-1.5,2.65,8.0,1.87,1.98,3-6,11.0,4-5,7.0,-0.1299999999999999,-0.06755815101129109,-3.0,Home,0.7746246039962743,Over,0.8405885950825922,3.410100054057537,6.72864600065856,ðŸ”¥ðŸ”¥ðŸ”¥,ðŸ”¥ðŸ”¥ðŸ”¥ðŸ”¥
2025-04-05,New York Mets,Toronto Blue Jays,MyBookie.ag,2.06,1.8,1.5,1.53,-1.5,2.55,7.5,1.85,2.0,5-4,2.0,5-3,3.0,-0.26,-0.13491931789937076,-3.0,Away,0.7882088433896312,Under,0.7732445727592431,5.040661910719751,1.9447551180732041,ðŸ”¥ðŸ”¥ðŸ”¥,ðŸ”¥ðŸ”¥ðŸ”¥
2025-04-05,Atlanta Braves,Miami Marlins,MyBookie.ag,3.1,1.39,1.5,2.05,-1.5,1.8,8.5,1.95,1.9,5-4,4.0,1-8,0.0,-1.7100000000000002,-0.8020983643485002,-3.0,Home,0.8592837168465792,Under,0.8029048789024908,3.7651510859942405,3.939358956420146,ðŸ”¥ðŸ”¥ðŸ”¥ðŸ”¥,ðŸ”¥ðŸ”¥ðŸ”¥ðŸ”¥
2025-04-06,Washington Nationals,Arizona Diamondbacks,MyBookie.ag,1.56,2.51,-1.5,1.95,1.5,1.87,7.5,1.85,2.0,5-5,4.0,3-6,5.0,0.9499999999999997,0.4755969318822467,3.0,Away,0.5850040460486963,Over,0.7332014603161331,4.278732325495647,4.05710418005676,ðŸ”¥ðŸ”¥,ðŸ”¥ðŸ”¥ðŸ”¥
2025-04-06,Atlanta Braves,Miami Marlins,MyBookie.ag,2.4,1.61,1.5,1.62,-1.5,2.37,7.5,1.99,1.86,8-10,,5-13,,-0.7899999999999998,-0.39923455835752825,-3.0,Home,0.8112959961020119,Under,0.579523532947031,6.31767730516812,3.2531063086240914,ðŸ”¥ðŸ”¥ðŸ”¥ðŸ”¥,ðŸ”¥
2025-04-06,Philadelphia Phillies,Los Angeles Dodgers,MyBookie.ag,1.76,2.12,-1.5,2.35,1.5,1.65,7.5,2.04,1.81,9-2,7.0,7-2,8.0,0.3600000000000001,0.1861022796338607,3.0,Away,0.5850040460486963,Over,0.617897960551298,4.006150487486152,2.4699746196939074,ðŸ”¥ðŸ”¥,ðŸ”¥ðŸ”¥
2025-04-06,Pittsburgh Pirates,New York Yankees,MyBookie.ag,1.6,2.41,-1.5,1.95,1.5,1.87,9.0,1.98,1.87,6-3,4.0,3-7,5.0,0.81,0.4096231182568281,3.0,Away,0.547866458500217,Over,0.8436522492664582,5.105245629904703,6.83373395088382,ðŸ”¥,ðŸ”¥ðŸ”¥ðŸ”¥ðŸ”¥
2025-04-06,Detroit Tigers,Chicago White Sox,MyBookie.ag,2.61,1.52,1.5,1.77,-1.5,2.1,7.5,2.0,1.85,2-7,3.0,5-4,4.0,-1.0899999999999999,-0.5406398864764169,-3.0,Home,0.8112959961020119,Under,0.6292436216187919,5.408186731149763,2.9798261019825376,ðŸ”¥ðŸ”¥ðŸ”¥ðŸ”¥,ðŸ”¥ðŸ”¥
2025-04-06,New York Mets,Toronto Blue Jays,MyBookie.ag,2.25,1.68,1.5,1.59,-1.5,2.45,7.0,1.91,1.94,5-5,1.0,6-3,2.0,-0.5700000000000001,-0.2921364228011613,-3.0,Home,0.6014861189006234,Under,0.5645535802139646,4.749731690639771,2.887200886524938,ðŸ”¥ðŸ”¥,ðŸ”¥
2025-04-06,Kansas City Royals,Baltimore Orioles,MyBookie.ag,1.94,1.91,-1.5,2.55,1.5,1.53,8.0,1.99,1.86,4-6,1.0,4-5,4.0,-0.030000000000000027,-0.015584731016698316,3.0,Home,0.6510806736406397,Over,0.5777119947717092,4.814367797462129,3.938345265731532,ðŸ”¥ðŸ”¥,ðŸ”¥
2025-04-06,Milwaukee Brewers,Cincinnati Reds,MyBookie.ag,2.25,1.68,1.5,1.59,-1.5,2.45,8.5,1.96,1.89,3-7,2.0,5-5,8.0,-0.5700000000000001,-0.2921364228011613,-3.0,Home,0.7296282263452277,Over,0.5450723753793603,5.807526939763563,3.590276453267574,ðŸ”¥ðŸ”¥ðŸ”¥,ðŸ”¥
2025-04-06,Minnesota Twins,Houston Astros,MyBookie.ag,1.99,1.86,-1.5,2.55,1.5,1.53,8.5,1.93,1.91,4-5,9.0,3-6,7.0,-0.1299999999999999,-0.06755815101129109,3.0,Home,0.8550084867899851,Over,0.7415034852337228,4.0170268271212715,7.352437223924198,ðŸ”¥ðŸ”¥ðŸ”¥ðŸ”¥,ðŸ”¥ðŸ”¥ðŸ”¥
2025-04-06,Chicago Cubs,San Diego Padres,MyBookie.ag,2.15,1.74,1.5,1.56,-1.5,2.5,7.5,2.02,1.83,8-2,8.0,7-5,7.0,-0.4099999999999999,-0.21158272891313376,-3.0,Home,0.5675172689943473,Under,0.7102647168106082,3.2476602297108346,3.649381527079002,ðŸ”¥,ðŸ”¥ðŸ”¥ðŸ”¥
2025-04-06,Texas Rangers,Tampa Bay Rays,MyBookie.ag,1.89,1.96,-1.5,2.5,1.5,1.56,8.0,1.98,1.87,4-5,3.0,8-2,4.0,0.07000000000000006,0.03636764417087479,3.0,Home,0.7288822438466146,Over,0.5124909660932002,5.063308746891544,3.841885893041466,ðŸ”¥ðŸ”¥ðŸ”¥,ðŸ”¥
2025-04-06,Colorado Rockies,Oakland Athletics,MyBookie.ag,1.97,1.88,-1.5,2.45,1.5,1.59,10.5,1.97,1.88,,,,,-0.09000000000000008,-0.04676176590803933,3.0,Home,0.7073133268131713,Over,0.7622432017168583,5.386424532304967,7.066583407493944,ðŸ”¥ðŸ”¥ðŸ”¥,ðŸ”¥ðŸ”¥ðŸ”¥
2025-04-06,San Francisco Giants,Seattle Mariners,MyBookie.ag,2.01,1.84,-1.5,2.65,1.5,1.48,7.5,2.01,1.84,3-7,4.0,8-1,5.0,-0.1699999999999997,-0.08836915045008996,3.0,Home,0.6482289418703772,Under,0.7391249941163841,2.720189206489404,2.216930342479193,ðŸ”¥ðŸ”¥,ðŸ”¥ðŸ”¥ðŸ”¥
2025-04-06,Los Angeles Angels,Cleveland Guardians,MyBookie.ag,1.91,1.94,-1.5,2.45,1.5,1.59,9.0,1.85,2.0,3-6,2.0,6-3,6.0,0.030000000000000027,0.01558473101669833,3.0,Home,0.6571748454227326,Under,0.7130788814887787,5.64249647268183,4.465075522844207,ðŸ”¥ðŸ”¥,ðŸ”¥ðŸ”¥ðŸ”¥
2025-04-06,Boston Red Sox,St. Louis Cardinals,MyBookie.ag,2.06,1.8,1.5,1.53,-1.5,2.55,9.0,1.92,1.93,4-5,7.0,6-4,18.0,-0.26,-0.13491931789937076,-3.0,Away,0.634981041886167,Under,0.519708781160494,10.382827780486451,4.025322652056413,ðŸ”¥ðŸ”¥,ðŸ”¥
2025-04-06,Boston Red Sox,St. Louis Cardinals,MyBookie.ag,2.06,1.8,1.5,1.53,-1.5,2.55,9.0,1.92,1.93,4-5,7.0,6-4,18.0,-0.26,-0.13491931789937076,-3.0,Away,0.634981041886167,Under,0.519708781160494,10.382827780486451,4.025322652056413,ðŸ”¥ðŸ”¥,ðŸ”¥
2025-04-07,Detroit Tigers,New York Yankees,MyBookie.ag,1.61,2.39,-1.5,2.02,1.5,1.82,8.5,1.97,1.88,6-4,2.0,6-4,6.0,0.78,0.39505918694704767,3.0,Away,0.5752676931768557,Over,0.7121543888849629,3.7376949873738945,6.3044099991722025,ðŸ”¥,ðŸ”¥ðŸ”¥ðŸ”¥
2025-04-07,Pittsburgh Pirates,St. Louis Cardinals,MyBookie.ag,1.8,2.06,-1.5,2.38,1.5,1.63,8.0,1.89,1.96,4-6,4.0,4-7,8.0,0.26,0.13491931789937064,3.0,Home,0.7951332786129578,Under,0.5405128756805898,5.572990455168869,3.0758703176977704,ðŸ”¥ðŸ”¥ðŸ”¥,ðŸ”¥
2025-04-07,Boston Red Sox,Toronto Blue Jays,MyBookie.ag,2.14,1.74,1.5,1.59,-1.5,2.45,8.5,1.85,2.0,6-5,6.0,6-5,2.0,-0.40000000000000013,-0.2069207158073225,-3.0,Home,0.6650896280399559,Under,0.5987927036745705,3.7807025520724524,4.853657429826536,ðŸ”¥ðŸ”¥ðŸ”¥,ðŸ”¥ðŸ”¥
2025-04-07,Washington Nationals,Los Angeles Dodgers,MyBookie.ag,1.48,2.73,-1.5,1.84,1.5,2.0,7.5,1.9,1.94,9-3,4.0,4-6,6.0,1.25,0.6122595214208446,3.0,Away,0.5850040460486963,Over,0.7166485226581734,4.278732325495647,4.05710418005676,ðŸ”¥ðŸ”¥,ðŸ”¥ðŸ”¥ðŸ”¥
2025-04-07,New York Mets,Miami Marlins,MyBookie.ag,3.26,1.36,1.5,2.05,-1.5,1.8,7.0,1.83,2.03,5-5,0.0,7-3,2.0,-1.8999999999999997,-0.8742424956306556,-3.0,Home,0.7735169403514501,Under,0.6786097831792428,5.883976593091552,2.720198821217098,ðŸ”¥ðŸ”¥ðŸ”¥,ðŸ”¥ðŸ”¥
2025-04-07,Chicago Cubs,Texas Rangers,MyBookie.ag,2.1,1.77,1.5,1.48,-1.5,2.65,6.0,1.94,1.91,8-3,0.0,8-5,7.0,-0.33000000000000007,-0.17095779814363954,-3.0,Away,0.7112594740689895,Under,0.5258808607326766,4.078679376850868,3.043831797346846,ðŸ”¥ðŸ”¥ðŸ”¥,ðŸ”¥
2025-04-07,Kansas City Royals,Minnesota Twins,MyBookie.ag,2.0,1.85,-1.5,2.6,1.5,1.5,8.0,1.9,1.94,3-7,2.0,5-5,4.0,-0.1499999999999999,-0.0779615414697118,3.0,Home,0.929848047832531,Under,0.5096470653074573,3.8359228396167913,4.60074512306077,ðŸ”¥ðŸ”¥ðŸ”¥ðŸ”¥ðŸ”¥,ðŸ”¥
2025-04-08,Arizona Diamondbacks,Baltimore Orioles,MyBookie.ag,2.06,1.81,1.5,1.5,-1.5,2.6,8.5,1.99,1.86,5-7,3.0,6-6,4.0,-0.25,-0.12937913752375527,-3.0,Away,0.7191145356001202,Under,0.8550684069702464,8.715541617737385,3.2239794306414353,ðŸ”¥ðŸ”¥ðŸ”¥,ðŸ”¥ðŸ”¥ðŸ”¥ðŸ”¥
2025-04-08,Seattle Mariners,Houston Astros,MyBookie.ag,2.4,1.61,1.5,1.61,-1.5,2.43,7.0,1.83,2.02,5-6,2.0,4-8,1.0,-0.7899999999999998,-0.39923455835752825,-3.0,Home,0.7735169403514501,Under,0.5329248001244593,6.089623493644957,2.988646896541259,ðŸ”¥ðŸ”¥ðŸ”¥,ðŸ”¥
2025-04-08,San Francisco Giants,Cincinnati Reds,MyBookie.ag,2.3,1.65,1.5,1.59,-1.5,2.45,7.0,2.03,1.83,5-7,1.0,8-3,0.0,-0.6499999999999999,-0.3321338350226148,-3.0,Home,0.7735169403514501,Under,0.760375981473552,4.368209443716644,2.887200886524938,ðŸ”¥ðŸ”¥ðŸ”¥,ðŸ”¥ðŸ”¥ðŸ”¥
2025-04-08,Oakland Athletics,San Diego Padres,MyBookie.ag,1.66,2.29,-1.5,2.1,1.5,1.77,8.0,1.86,1.99,,,,,0.6300000000000001,0.32173421519769646,3.0,Home,0.6109487555406944,Under,0.5214798699076897,5.131559571651518,4.08183295575044,ðŸ”¥ðŸ”¥,ðŸ”¥
2025-04-08,Detroit Tigers,New York Yankees,MyBookie.ag,2.48,1.57,1.5,1.71,-1.5,2.2,,,,6-5,0.0,7-4,5.0,-0.9099999999999999,-0.45718294081667415,-3.0,,,,,,,ðŸ”¥,ðŸ”¥
2025-04-08,Cleveland Guardians,Chicago White Sox,MyBookie.ag,2.65,1.51,1.5,1.74,-1.5,2.15,7.0,1.84,2.01,2-8,0.0,4-6,1.0,-1.14,-0.562449989171298,-3.0,Home,0.7735169403514501,Under,0.6541279565487331,5.883976593091552,2.720198821217098,ðŸ”¥ðŸ”¥ðŸ”¥,ðŸ”¥ðŸ”¥
2025-04-08,New York Mets,Miami Marlins,MyBookie.ag,3.28,1.36,1.5,2.0,-1.5,1.85,7.0,1.88,1.97,5-6,5.0,8-3,10.0,-1.9199999999999997,-0.8803587226480917,-3.0,Home,0.7735169403514501,Over,0.5320248468451247,5.883976593091552,2.720198821217098,ðŸ”¥ðŸ”¥ðŸ”¥,ðŸ”¥
2025-04-08,Pittsburgh Pirates,St. Louis Cardinals,MyBookie.ag,2.16,1.73,1.5,1.5,-1.5,2.6,6.5,1.88,1.97,5-6,5.0,4-8,3.0,-0.43000000000000016,-0.2219868131863862,-3.0,Away,0.7010632044809229,Over,0.9146347731411274,4.381131769637504,4.5846308659489425,ðŸ”¥ðŸ”¥ðŸ”¥,ðŸ”¥ðŸ”¥ðŸ”¥ðŸ”¥ðŸ”¥
2025-04-08,Boston Red Sox,Toronto Blue Jays,MyBookie.ag,2.7,1.49,1.5,1.83,-1.5,2.0,8.0,2.0,1.85,7-5,6.0,6-6,1.0,-1.2100000000000002,-0.5944756530529157,-3.0,Home,0.885429927295354,Under,0.7859194644833117,3.975028231723924,3.649186555060488,ðŸ”¥ðŸ”¥ðŸ”¥ðŸ”¥ðŸ”¥,ðŸ”¥ðŸ”¥ðŸ”¥ðŸ”¥
2025-04-08,Washington Nationals,Los Angeles Dodgers,MyBookie.ag,1.54,2.56,-1.5,1.82,1.5,2.01,9.0,1.96,1.89,9-4,2.0,5-6,8.0,1.02,0.5082248420659332,3.0,Away,0.547866458500217,Over,0.8896762094416472,5.105245629904703,6.83373395088382,ðŸ”¥,ðŸ”¥ðŸ”¥ðŸ”¥ðŸ”¥ðŸ”¥
2025-04-08,Tampa Bay Rays,Los Angeles Angels,MyBookie.ag,2.46,1.58,1.5,1.69,-1.5,2.22,8.5,1.91,1.94,7-3,4.0,4-6,3.0,-0.8799999999999999,-0.4427365029053959,-3.0,Home,0.8592837168465792,Under,0.669912646907694,3.480738816942433,3.9803336036482566,ðŸ”¥ðŸ”¥ðŸ”¥ðŸ”¥,ðŸ”¥ðŸ”¥
2025-04-08,Atlanta Braves,Philadelphia Phillies,MyBookie.ag,1.97,1.88,-1.5,2.65,1.5,1.48,7.0,2.01,1.85,7-3,5.0,2-8,7.0,-0.09000000000000008,-0.04676176590803933,3.0,Away,0.5053612318027965,Over,0.7932683578859748,3.97938915334738,5.6698016948342165,ðŸ”¥,ðŸ”¥ðŸ”¥ðŸ”¥ðŸ”¥
2025-04-08,Chicago Cubs,Texas Rangers,MyBookie.ag,2.35,1.63,1.5,1.62,-1.5,2.39,8.0,1.93,1.92,8-4,6.0,9-5,10.0,-0.7200000000000002,-0.3658353133373968,-3.0,Home,0.885429927295354,Over,0.5759027316876515,5.224275353470144,3.635331409837645,ðŸ”¥ðŸ”¥ðŸ”¥ðŸ”¥ðŸ”¥,ðŸ”¥
2025-04-08,Kansas City Royals,Minnesota Twins,MyBookie.ag,2.01,1.84,-1.5,2.65,1.5,1.48,7.5,1.95,1.9,3-8,1.0,6-5,2.0,-0.1699999999999997,-0.08836915045008996,3.0,Home,0.6482289418703772,Under,0.8718487467392817,2.720189206489404,2.216930342479193,ðŸ”¥ðŸ”¥,ðŸ”¥ðŸ”¥ðŸ”¥ðŸ”¥
2025-04-09,Colorado Rockies,Milwaukee Brewers,MyBookie.ag,1.61,2.38,-1.5,1.95,1.5,1.87,9.5,1.95,1.9,7-5,17.0,2-9,2.0,0.7699999999999998,0.3908663086870116,3.0,Away,0.547866458500217,Over,0.7832486102762855,5.105245629904703,6.83373395088382,ðŸ”¥,ðŸ”¥ðŸ”¥ðŸ”¥
2025-04-09,Pittsburgh Pirates,St. Louis Cardinals,MyBookie.ag,1.87,1.97,-1.5,2.45,1.5,1.59,8.0,2.0,1.85,5-7,1.0,5-8,2.0,0.09999999999999987,0.05209511188340187,3.0,Home,0.9140981487268873,Under,0.5743138301584072,6.444982216959332,2.3064481939799206,ðŸ”¥ðŸ”¥ðŸ”¥ðŸ”¥ðŸ”¥,ðŸ”¥
2025-04-09,Detroit Tigers,New York Yankees,MyBookie.ag,1.64,2.32,-1.5,2.15,1.5,1.74,7.0,1.91,1.93,7-5,4.0,7-5,3.0,0.6799999999999999,0.3468709438421115,3.0,Away,0.5850040460486963,Over,0.7023149990016987,4.383571998142966,3.964717971891342,ðŸ”¥ðŸ”¥,ðŸ”¥ðŸ”¥ðŸ”¥
2025-04-09,New York Mets,Miami Marlins,MyBookie.ag,2.8,1.47,1.5,1.83,-1.5,2.0,7.0,1.87,1.98,6-6,5.0,8-4,0.0,-1.3299999999999998,-0.6443570163905132,-3.0,Home,0.7735169403514501,Under,0.6317681339918437,5.883976593091552,2.720198821217098,ðŸ”¥ðŸ”¥ðŸ”¥,ðŸ”¥ðŸ”¥
2025-04-09,Chicago Cubs,Texas Rangers,MyBookie.ag,2.43,1.59,1.5,1.66,-1.5,2.31,7.5,1.91,1.93,9-4,6.0,9-6,2.0,-0.8400000000000001,-0.4241572411203169,-3.0,Home,0.8112959961020119,Over,0.6857295706328979,4.729230272086665,3.3838827174496977,ðŸ”¥ðŸ”¥ðŸ”¥ðŸ”¥,ðŸ”¥ðŸ”¥ðŸ”¥
2025-04-09,Oakland Athletics,San Diego Padres,MyBookie.ag,2.03,1.82,-1.5,2.55,1.5,1.53,10.0,1.94,1.91,,,,,-0.20999999999999974,-0.10919929196499184,3.0,Home,0.524689234806919,Under,0.8535916380684,6.291268128663544,3.399378949660958,ðŸ”¥,ðŸ”¥ðŸ”¥ðŸ”¥ðŸ”¥
2025-04-09,Arizona Diamondbacks,Baltimore Orioles,MyBookie.ag,2.07,1.8,1.5,1.5,-1.5,2.63,9.0,1.96,1.89,5-8,0.0,7-6,9.0,-0.2699999999999998,-0.1397619423751586,-3.0,Away,0.634981041886167,Under,0.5965068471476648,8.913467620245424,4.012310450220464,ðŸ”¥ðŸ”¥,ðŸ”¥ðŸ”¥
2025-04-09,San Francisco Giants,Cincinnati Reds,MyBookie.ag,2.23,1.69,1.5,1.56,-1.5,2.52,7.5,1.92,1.93,5-8,6.0,9-3,8.0,-0.54,-0.2772730565370453,-3.0,Away,0.5619762786859408,Over,0.8130781338288732,5.108005595350083,5.748970299723843,ðŸ”¥,ðŸ”¥ðŸ”¥ðŸ”¥ðŸ”¥
2025-04-09,Washington Nationals,Los Angeles Dodgers,MyBookie.ag,1.51,2.63,-1.5,1.84,1.5,2.0,9.0,1.91,1.94,10-4,6.0,5-7,5.0,1.1199999999999999,0.5548741953628402,3.0,Away,0.547866458500217,Over,0.7851146973703997,5.105245629904703,6.83373395088382,ðŸ”¥,ðŸ”¥ðŸ”¥ðŸ”¥ðŸ”¥
2025-04-09,Seattle Mariners,Houston Astros,MyBookie.ag,1.71,2.19,-1.5,2.2,1.5,1.71,7.5,1.98,1.87,5-7,6.0,5-8,7.0,0.48,0.24740817331384096,3.0,Away,0.5850040460486963,Over,0.7116692880575757,3.0745437172308936,1.690027208893752,ðŸ”¥ðŸ”¥,ðŸ”¥ðŸ”¥ðŸ”¥
2025-04-09,Cleveland Guardians,Chicago White Sox,MyBookie.ag,2.61,1.52,1.5,1.77,-1.5,2.1,7.5,2.03,1.83,2-9,2.0,5-6,3.0,-1.0899999999999999,-0.5406398864764169,-3.0,Home,0.8112959961020119,Under,0.6292436216187919,5.408186731149763,2.9798261019825376,ðŸ”¥ðŸ”¥ðŸ”¥ðŸ”¥,ðŸ”¥ðŸ”¥
2025-04-09,Boston Red Sox,Toronto Blue Jays,MyBookie.ag,2.1,1.77,1.5,1.53,-1.5,2.55,8.0,1.89,1.96,8-5,2.0,6-7,1.0,-0.33000000000000007,-0.17095779814363954,-3.0,Away,0.5097201383135311,Over,0.8516514145195364,3.88912625690207,2.9346766963923723,ðŸ”¥,ðŸ”¥ðŸ”¥ðŸ”¥ðŸ”¥
2025-04-09,Tampa Bay Rays,Los Angeles Angels,MyBookie.ag,2.2,1.71,1.5,1.59,-1.5,2.45,8.0,1.93,1.91,7-4,4.0,5-6,5.0,-0.4900000000000002,-0.25196398984970175,-3.0,Home,0.5946593645341357,Over,0.6182273545618961,3.201028367501835,4.040133498698452,ðŸ”¥ðŸ”¥,ðŸ”¥ðŸ”¥
2025-04-09,Atlanta Braves,Philadelphia Phillies,MyBookie.ag,2.2,1.71,1.5,1.62,-1.5,2.4,8.5,1.86,1.99,8-3,4.0,2-9,3.0,-0.4900000000000002,-0.25196398984970175,-3.0,Home,0.536864912949848,Over,0.7123218591318521,3.7980957087501186,4.212592123839169,ðŸ”¥,ðŸ”¥ðŸ”¥ðŸ”¥
2025-04-09,Kansas City Royals,Minnesota Twins,MyBookie.ag,1.94,1.9,-1.5,2.55,1.5,1.53,7.5,1.88,1.97,4-8,4.0,6-6,0.0,-0.040000000000000036,-0.020834086902842025,3.0,Home,0.7178188572767454,Under,0.5397196335696272,3.868461462416931,3.9134943125667574,ðŸ”¥ðŸ”¥ðŸ”¥,ðŸ”¥
2025-04-10,Cleveland Guardians,Chicago White Sox,MyBookie.ag,3.07,1.4,1.5,2.0,-1.5,1.84,7.0,1.85,2.01,2-10,1.0,6-6,6.0,-1.67,-0.7852053249778929,-3.0,Home,0.7735169403514501,Over,0.5368515519709778,5.883976593091552,2.720198821217098,ðŸ”¥ðŸ”¥ðŸ”¥,ðŸ”¥
2025-04-10,Tampa Bay Rays,Los Angeles Angels,MyBookie.ag,2.0,1.85,1.5,1.48,-1.5,2.65,8.5,1.98,1.87,8-4,11.0,5-7,1.0,-0.1499999999999999,-0.0779615414697118,-3.0,Home,0.8275464923228503,Over,0.6803939497726919,2.771908375777662,7.913697387747247,ðŸ”¥ðŸ”¥ðŸ”¥ðŸ”¥,ðŸ”¥ðŸ”¥
2025-04-10,Kansas City Royals,Minnesota Twins,MyBookie.ag,2.0,1.85,1.5,1.48,-1.5,2.65,8.5,2.0,1.85,4-9,2.0,7-6,3.0,-0.1499999999999999,-0.0779615414697118,-3.0,Home,0.8275464923228503,Over,0.6472016345505611,2.771908375777662,7.913697387747247,ðŸ”¥ðŸ”¥ðŸ”¥ðŸ”¥,ðŸ”¥ðŸ”¥
2025-04-10,Colorado Rockies,Milwaukee Brewers,MyBookie.ag,1.78,2.1,-1.5,2.2,1.5,1.71,10.0,1.87,1.98,7-6,2.0,3-9,7.0,0.32000000000000006,0.16532398042538352,3.0,Away,0.5169259609426934,Under,0.9334326530742103,5.2158946750522235,4.711029607100446,ðŸ”¥,ðŸ”¥ðŸ”¥ðŸ”¥ðŸ”¥ðŸ”¥
2025-04-10,Boston Red Sox,Toronto Blue Jays,MyBookie.ag,1.94,1.91,1.5,1.45,-1.5,2.7,9.0,1.98,1.87,8-6,3.0,7-7,4.0,-0.030000000000000027,-0.015584731016698316,-3.0,Away,0.7393448860672422,Over,0.5882635607759793,4.975590459717433,5.652410930718364,ðŸ”¥ðŸ”¥ðŸ”¥,ðŸ”¥
2025-04-10,Atlanta Braves,Philadelphia Phillies,MyBookie.ag,2.06,1.8,1.5,1.48,-1.5,2.65,7.5,2.02,1.83,8-4,2.0,3-9,4.0,-0.26,-0.13491931789937076,-3.0,Away,0.7882088433896312,Under,0.9028937960564566,5.040661910719751,1.9447551180732041,ðŸ”¥ðŸ”¥ðŸ”¥,ðŸ”¥ðŸ”¥ðŸ”¥ðŸ”¥ðŸ”¥
2025-04-11,Cleveland Guardians,Kansas City Royals,MyBookie.ag,2.11,1.77,1.5,1.5,-1.5,2.6,7.0,1.98,1.87,7-7,0.0,7-6,7.0,-0.33999999999999986,-0.17570840090223722,-3.0,Away,0.7112594740689895,Under,0.5934620367652361,4.078679376850868,3.043831797346846,ðŸ”¥ðŸ”¥ðŸ”¥,ðŸ”¥ðŸ”¥
2025-04-11,Cincinnati Reds,Pittsburgh Pirates,MyBookie.ag,2.34,1.63,1.5,1.67,-1.5,2.3,8.0,1.86,1.99,5-9,3.0,6-8,5.0,-0.71,-0.36157091455093915,-3.0,Home,0.885429927295354,Under,0.577938869920332,5.224275353470144,3.635331409837645,ðŸ”¥ðŸ”¥ðŸ”¥ðŸ”¥ðŸ”¥,ðŸ”¥
2025-04-11,Tampa Bay Rays,Atlanta Braves,MyBookie.ag,2.14,1.75,1.5,1.59,-1.5,2.45,9.0,1.9,1.95,3-10,3.0,6-7,6.0,-0.3900000000000001,-0.20119004109833752,-3.0,Home,0.724520712889519,Over,0.7827803924482549,4.76188292253964,4.567904409675866,ðŸ”¥ðŸ”¥ðŸ”¥,ðŸ”¥ðŸ”¥ðŸ”¥
2025-04-11,Baltimore Orioles,Toronto Blue Jays,MyBookie.ag,2.06,1.8,1.5,1.53,-1.5,2.55,8.0,1.86,1.99,11-8,,7-10,,-0.26,-0.13491931789937076,-3.0,Away,0.6641213324975923,Under,0.6550116142215723,7.135530639966352,1.6729454446024208,ðŸ”¥ðŸ”¥,ðŸ”¥ðŸ”¥
2025-04-11,New York Yankees,San Francisco Giants,MyBookie.ag,2.1,1.77,1.5,1.53,-1.5,2.55,8.0,1.96,1.89,10-3,9.0,7-6,1.0,-0.33000000000000007,-0.17095779814363954,-3.0,Away,0.5097201383135311,Over,0.5568383798524874,3.88912625690207,2.9346766963923723,ðŸ”¥,ðŸ”¥
2025-04-11,Miami Marlins,Washington Nationals,MyBookie.ag,1.89,1.96,-1.5,2.45,1.5,1.59,8.0,1.87,1.97,6-7,7.0,6-7,4.0,0.07000000000000006,0.03636764417087479,3.0,Home,0.7288822438466146,Under,0.7207513455491703,5.063308746891544,3.841885893041466,ðŸ”¥ðŸ”¥ðŸ”¥,ðŸ”¥ðŸ”¥ðŸ”¥
2025-04-11,Chicago White Sox,Boston Red Sox,MyBookie.ag,1.64,2.32,-1.5,2.1,1.5,1.77,8.0,1.96,1.89,7-8,1.0,3-10,11.0,0.6799999999999999,0.3468709438421115,3.0,Home,0.6109487555406944,Over,0.7661991766708107,5.131559571651518,4.08183295575044,ðŸ”¥ðŸ”¥,ðŸ”¥ðŸ”¥ðŸ”¥
2025-04-12,San Diego Padres,Colorado Rockies,MyBookie.ag,2.8,1.47,1.5,1.83,-1.5,2.0,7.5,2.05,1.81,3-11,0.0,12-3,2.0,-1.3299999999999998,-0.6443570163905132,-3.0,Home,0.8112959961020119,Under,0.60734483350838,5.408186731149763,2.9798261019825376,ðŸ”¥ðŸ”¥ðŸ”¥ðŸ”¥,ðŸ”¥ðŸ”¥
2025-04-12,Seattle Mariners,Texas Rangers,MyBookie.ag,1.8,2.06,-1.5,2.45,1.5,1.59,6.5,1.84,2.02,9-6,2.0,7-8,9.0,0.26,0.13491931789937064,3.0,Home,0.6367991027950597,Under,0.5049377731138358,4.917427639232996,3.035287804067208,ðŸ”¥ðŸ”¥,ðŸ”¥
2025-04-12,Arizona Diamondbacks,Milwaukee Brewers,MyBookie.ag,2.34,1.63,1.5,1.67,-1.5,2.3,8.5,1.83,2.03,8-7,4.0,8-7,5.0,-0.71,-0.36157091455093915,-3.0,Home,0.8592837168465792,Over,0.5660355581006304,5.137540808639397,3.7845185619815522,ðŸ”¥ðŸ”¥ðŸ”¥ðŸ”¥,ðŸ”¥
2025-04-12,Los Angeles Dodgers,Chicago Cubs,MyBookie.ag,2.61,1.52,1.5,1.8,-1.5,2.05,8.0,1.96,1.89,10-7,16.0,11-5,0.0,-1.0899999999999999,-0.5406398864764169,-3.0,Home,0.885429927295354,Under,0.7398068654325547,3.975028231723924,3.649186555060488,ðŸ”¥ðŸ”¥ðŸ”¥ðŸ”¥ðŸ”¥,ðŸ”¥ðŸ”¥ðŸ”¥
2025-04-12,Minnesota Twins,Detroit Tigers,MyBookie.ag,2.2,1.71,1.5,1.62,-1.5,2.4,9.0,2.0,1.85,9-5,4.0,4-11,0.0,-0.4900000000000002,-0.25196398984970175,-3.0,Home,0.6055552616334775,Under,0.7228332182433164,4.259549606145917,3.87089345254323,ðŸ”¥ðŸ”¥,ðŸ”¥ðŸ”¥ðŸ”¥
2025-04-12,St. Louis Cardinals,Philadelphia Phillies,MyBookie.ag,1.59,2.42,-1.5,2.0,1.5,1.83,8.0,1.97,1.88,9-5,4.0,6-8,1.0,0.8299999999999998,0.4200335239364548,3.0,Home,0.6109487555406944,Over,0.6112723213924239,5.070103834334656,4.065852319276695,ðŸ”¥ðŸ”¥,ðŸ”¥ðŸ”¥
2025-04-12,New York Yankees,San Francisco Giants,MyBookie.ag,2.16,1.73,1.5,1.59,-1.5,2.45,8.0,1.86,1.99,10-4,4.0,8-6,8.0,-0.43000000000000016,-0.2219868131863862,-3.0,Home,0.5025643578147865,Over,0.5145598635446051,3.8683051306946745,3.9669324658217784,ðŸ”¥,ðŸ”¥
2025-04-12,Baltimore Orioles,Toronto Blue Jays,MyBookie.ag,2.08,1.79,1.5,1.53,-1.5,2.55,8.0,1.87,1.98,8-7,4.0,6-8,5.0,-0.29000000000000004,-0.15015227386056304,-3.0,Home,0.5618559565190511,Over,0.8699838674992693,6.311869110340009,2.1150872197889377,ðŸ”¥,ðŸ”¥ðŸ”¥ðŸ”¥ðŸ”¥
2025-04-12,Oakland Athletics,New York Mets,MyBookie.ag,1.71,2.2,-1.5,2.15,1.5,1.74,9.0,1.86,1.99,,,,,0.4900000000000002,0.2519639898497018,3.0,Away,0.547866458500217,Under,0.9253012927036928,4.28428790479697,4.341890354493818,ðŸ”¥,ðŸ”¥ðŸ”¥ðŸ”¥ðŸ”¥ðŸ”¥
2025-04-12,Tampa Bay Rays,Atlanta Braves,MyBookie.ag,2.16,1.74,1.5,1.59,-1.5,2.45,8.5,1.86,2.0,4-10,5.0,6-8,4.0,-0.42000000000000015,-0.21622310846963608,-3.0,Away,0.5517786882037171,Over,0.6230753342818022,4.372436770942184,4.212592123839169,ðŸ”¥,ðŸ”¥ðŸ”¥
2025-04-12,Chicago White Sox,Boston Red Sox,MyBookie.ag,1.62,2.37,-1.5,2.05,1.5,1.8,8.0,2.0,1.85,7-9,2.0,4-10,3.0,0.75,0.38046380590274714,3.0,Home,0.6109487555406944,Over,0.5360416703582239,5.070103834334656,4.065852319276695,ðŸ”¥ðŸ”¥,ðŸ”¥
2025-04-12,Miami Marlins,Washington Nationals,MyBookie.ag,2.32,1.64,1.5,1.65,-1.5,2.35,7.5,1.88,1.97,6-8,6.0,7-7,7.0,-0.6799999999999999,-0.3468709438421116,-3.0,Home,0.8112959961020119,Over,0.8449198111125579,4.596263255239807,3.177427456789177,ðŸ”¥ðŸ”¥ðŸ”¥ðŸ”¥,ðŸ”¥ðŸ”¥ðŸ”¥ðŸ”¥
2025-04-12,Cleveland Guardians,Kansas City Royals,MyBookie.ag,2.09,1.78,1.5,1.53,-1.5,2.55,7.5,1.88,1.96,7-8,3.0,8-6,6.0,-0.30999999999999983,-0.16055070167272573,-3.0,Away,0.6618015718039931,Over,0.8878057369140795,5.321525223150345,2.647540540619724,ðŸ”¥ðŸ”¥,ðŸ”¥ðŸ”¥ðŸ”¥ðŸ”¥ðŸ”¥
2025-04-12,Cincinnati Reds,Pittsburgh Pirates,MyBookie.ag,2.08,1.79,1.5,1.5,-1.5,2.6,8.0,1.86,1.99,5-10,2.0,7-8,5.0,-0.29000000000000004,-0.15015227386056304,-3.0,Home,0.5618559565190511,Over,0.6010439711694708,6.311869110340009,2.1150872197889377,ðŸ”¥,ðŸ”¥ðŸ”¥
2025-04-12,Houston Astros,Los Angeles Angels,MyBookie.ag,2.27,1.67,1.5,1.65,-1.5,2.35,9.0,1.97,1.88,9-5,4.0,6-8,1.0,-0.6000000000000001,-0.30695620506464766,-3.0,Home,0.7813714067701435,Under,0.6606500561032971,5.268784371855657,3.6297482684033415,ðŸ”¥ðŸ”¥ðŸ”¥,ðŸ”¥ðŸ”¥
2025-04-13,Baltimore Orioles,Toronto Blue Jays,MyBookie.ag,2.15,1.74,1.5,1.56,-1.5,2.52,8.5,1.91,1.94,9-7,7.0,6-9,6.0,-0.4099999999999999,-0.21158272891313376,-3.0,Home,0.6650896280399559,Over,0.6658480567202134,3.7134882745866067,4.189900810981133,ðŸ”¥ðŸ”¥ðŸ”¥,ðŸ”¥ðŸ”¥
2025-04-13,New York Yankees,San Francisco Giants,MyBookie.ag,2.0,1.85,-1.5,2.65,1.5,1.48,8.0,1.95,1.89,11-4,5.0,8-7,4.0,-0.1499999999999999,-0.0779615414697118,3.0,Home,0.929848047832531,Over,0.7562346058912053,3.8359228396167913,4.60074512306077,ðŸ”¥ðŸ”¥ðŸ”¥ðŸ”¥ðŸ”¥,ðŸ”¥ðŸ”¥ðŸ”¥
2025-04-13,Tampa Bay Rays,Atlanta Braves,MyBookie.ag,1.64,2.32,-1.5,2.09,1.5,1.77,8.0,1.89,1.96,4-11,3.0,7-8,8.0,0.6799999999999999,0.3468709438421115,3.0,Home,0.6109487555406944,Under,0.5377369168218735,5.131559571651518,4.08183295575044,ðŸ”¥ðŸ”¥,ðŸ”¥
2025-04-13,Cincinnati Reds,Pittsburgh Pirates,MyBookie.ag,2.65,1.51,1.5,1.77,-1.5,2.1,7.5,1.94,1.91,5-11,0.0,8-8,4.0,-1.14,-0.562449989171298,-3.0,Home,0.8112959961020119,Under,0.7674856917067858,5.408186731149763,2.9798261019825376,ðŸ”¥ðŸ”¥ðŸ”¥ðŸ”¥,ðŸ”¥ðŸ”¥ðŸ”¥
2025-04-13,Cleveland Guardians,Kansas City Royals,MyBookie.ag,1.76,2.12,-1.5,2.3,1.5,1.67,7.5,2.0,1.85,8-8,4.0,8-7,2.0,0.3600000000000001,0.1861022796338607,3.0,Away,0.5850040460486963,Over,0.6716488212774978,4.006150487486152,2.4699746196939074,ðŸ”¥ðŸ”¥,ðŸ”¥ðŸ”¥
2025-04-13,Miami Marlins,Washington Nationals,MyBookie.ag,1.7,2.21,-1.5,2.2,1.5,1.71,8.0,1.95,1.9,6-9,4.0,8-7,11.0,0.51,0.26236426446749106,3.0,Home,0.6109487555406944,Over,0.7156585919294172,5.131559571651518,2.0284440914978825,ðŸ”¥ðŸ”¥,ðŸ”¥ðŸ”¥ðŸ”¥
2025-04-13,Chicago White Sox,Boston Red Sox,MyBookie.ag,1.41,3.02,-1.5,1.8,1.5,2.05,7.0,1.95,1.89,8-9,3.0,4-11,1.0,1.61,0.7616671269967015,3.0,Away,0.5850040460486963,Over,0.5653529743843624,4.235296964339407,3.948737335417598,ðŸ”¥ðŸ”¥,ðŸ”¥
2025-04-13,Minnesota Twins,Detroit Tigers,MyBookie.ag,2.03,1.83,-1.5,2.6,1.5,1.5,8.5,1.89,1.96,9-6,1.0,5-11,5.0,-0.19999999999999973,-0.10371982620036625,3.0,Away,0.5678978245347345,Under,0.9272929588035079,4.084333114616273,2.6351757738633843,ðŸ”¥,ðŸ”¥ðŸ”¥ðŸ”¥ðŸ”¥ðŸ”¥
2025-04-13,Houston Astros,Los Angeles Angels,MyBookie.ag,2.34,1.63,1.5,1.66,-1.5,2.31,8.5,1.89,1.96,9-6,3.0,7-8,7.0,-0.71,-0.36157091455093915,-3.0,Home,0.8592837168465792,Over,0.860337055585868,5.137540808639397,3.7845185619815522,ðŸ”¥ðŸ”¥ðŸ”¥ðŸ”¥,ðŸ”¥ðŸ”¥ðŸ”¥ðŸ”¥
2025-04-13,St. Louis Cardinals,Philadelphia Phillies,MyBookie.ag,1.54,2.55,-1.5,1.91,1.5,1.91,8.0,1.87,1.98,9-6,0.0,7-8,7.0,1.0099999999999998,0.5043109427447969,3.0,Home,0.6109487555406944,Over,0.5242273396732196,5.070103834334656,4.065852319276695,ðŸ”¥ðŸ”¥,ðŸ”¥
2025-04-13,Oakland Athletics,New York Mets,MyBookie.ag,1.71,2.2,-1.5,2.15,1.5,1.74,9.0,2.03,1.83,,,,,0.4900000000000002,0.2519639898497018,3.0,Away,0.547866458500217,Under,0.7011524512680978,4.28428790479697,4.341890354493818,ðŸ”¥,ðŸ”¥ðŸ”¥ðŸ”¥
2025-04-13,Arizona Diamondbacks,Milwaukee Brewers,MyBookie.ag,2.02,1.83,-1.5,2.65,1.5,1.48,8.0,1.87,1.98,8-8,2.0,9-7,5.0,-0.18999999999999995,-0.09878154455978379,3.0,Home,0.7675302840669016,Under,0.9089336116379128,4.480043977714381,2.1355403459913695,ðŸ”¥ðŸ”¥ðŸ”¥,ðŸ”¥ðŸ”¥ðŸ”¥ðŸ”¥ðŸ”¥
2025-04-13,San Diego Padres,Colorado Rockies,MyBookie.ag,3.04,1.41,1.5,1.91,-1.5,1.91,7.0,1.88,1.97,3-12,0.0,13-3,6.0,-1.6300000000000001,-0.7682678110280535,-3.0,Home,0.7735169403514501,Over,0.5320248468451247,5.883976593091552,2.720198821217098,ðŸ”¥ðŸ”¥ðŸ”¥,ðŸ”¥
2025-04-13,Seattle Mariners,Texas Rangers,MyBookie.ag,2.06,1.8,1.5,1.48,-1.5,2.65,6.5,1.85,2.01,9-7,1.0,8-8,3.0,-0.26,-0.13491931789937076,-3.0,Away,0.8240944985795551,Under,0.8523232766568702,5.511497437047391,1.3689690595252417,ðŸ”¥ðŸ”¥ðŸ”¥ðŸ”¥,ðŸ”¥ðŸ”¥ðŸ”¥ðŸ”¥
2025-04-13,Los Angeles Dodgers,Chicago Cubs,MyBookie.ag,3.18,1.38,1.5,2.1,-1.5,1.77,9.0,2.01,1.85,11-7,4.0,11-6,2.0,-1.8000000000000003,-0.8347976976229723,-3.0,Home,0.8899560761027004,Under,0.768679783638854,4.328803125760425,3.683592798280323,ðŸ”¥ðŸ”¥ðŸ”¥ðŸ”¥ðŸ”¥,ðŸ”¥ðŸ”¥ðŸ”¥
2025-04-14,Pittsburgh Pirates,Washington Nationals,MyBookie.ag,2.88,1.44,1.5,1.87,-1.5,1.95,7.0,1.83,2.03,6-10,3.0,6-11,10.0,-1.44,-0.6931471805599453,-3.0,Home,0.7735169403514501,Over,0.579472539820771,5.883976593091552,2.720198821217098,ðŸ”¥ðŸ”¥ðŸ”¥,ðŸ”¥
2025-04-14,Philadelphia Phillies,San Francisco Giants,MyBookie.ag,2.0,1.85,1.5,1.5,-1.5,2.6,9.0,2.0,1.85,12-4,10.0,9-7,4.0,-0.1499999999999999,-0.0779615414697118,-3.0,Home,0.8727812330479804,Over,0.5280107778473266,5.236312917978425,7.75932113439861,ðŸ”¥ðŸ”¥ðŸ”¥ðŸ”¥,ðŸ”¥
2025-04-14,Tampa Bay Rays,Boston Red Sox,MyBookie.ag,2.09,1.78,1.5,1.53,-1.5,2.58,8.5,1.83,2.03,8-10,1.0,8-8,16.0,-0.30999999999999983,-0.16055070167272573,-3.0,Away,0.5477925132118477,Over,0.5892445815077654,8.396055114922206,3.403307396343851,ðŸ”¥,ðŸ”¥
2025-04-14,New York Yankees,Kansas City Royals,MyBookie.ag,2.19,1.72,1.5,1.62,-1.5,2.4,9.0,1.98,1.87,8-9,1.0,9-7,4.0,-0.47,-0.24157725300304783,-3.0,Home,0.5182616529471917,Under,0.6920535571771053,4.259549606145917,3.87089345254323,ðŸ”¥,ðŸ”¥ðŸ”¥ðŸ”¥
2025-04-14,Toronto Blue Jays,Atlanta Braves,MyBookie.ag,1.89,1.95,1.5,1.43,-1.5,2.75,9.5,2.0,1.85,5-11,8.0,9-8,4.0,0.06000000000000005,0.03125254350410453,-3.0,Away,0.8115487487219625,Under,0.5138573560790102,5.231662400094296,5.70432900551811,ðŸ”¥ðŸ”¥ðŸ”¥ðŸ”¥,ðŸ”¥
2025-04-14,Milwaukee Brewers,Detroit Tigers,MyBookie.ag,1.64,2.33,-1.5,2.1,1.5,1.77,7.5,1.98,1.87,10-6,9.0,8-9,1.0,0.6900000000000002,0.35117202574150225,3.0,Away,0.5850040460486963,Over,0.8391060201962675,4.278732325495647,4.05710418005676,ðŸ”¥ðŸ”¥,ðŸ”¥ðŸ”¥ðŸ”¥ðŸ”¥
2025-04-14,Minnesota Twins,New York Mets,MyBookie.ag,2.01,1.85,1.5,1.5,-1.5,2.6,8.0,2.01,1.84,11-5,5.0,5-12,1.0,-0.1599999999999997,-0.08294908298075078,-3.0,Home,0.8108094942944161,Under,0.8832614359141222,2.7225860528396066,5.321995834566302,ðŸ”¥ðŸ”¥ðŸ”¥,ðŸ”¥ðŸ”¥ðŸ”¥ðŸ”¥ðŸ”¥
2025-04-14,St. Louis Cardinals,Houston Astros,MyBookie.ag,1.96,1.89,-1.5,2.6,1.5,1.5,7.0,1.83,2.03,7-9,3.0,8-8,8.0,-0.07000000000000006,-0.03636764417087483,3.0,Home,0.6452656219437825,Over,0.6574146411295323,4.339296988744572,3.9052449290355185,ðŸ”¥ðŸ”¥,ðŸ”¥ðŸ”¥
2025-04-15,San Diego Padres,Chicago Cubs,MyBookie.ag,2.3,1.65,1.5,1.62,-1.5,2.4,7.5,1.98,1.87,12-8,2.0,14-4,1.0,-0.6499999999999999,-0.3321338350226148,-3.0,Home,0.8112959961020119,Under,0.5890039807823525,4.596263255239807,3.177427456789177,ðŸ”¥ðŸ”¥ðŸ”¥ðŸ”¥,ðŸ”¥
2025-04-15,Los Angeles Dodgers,Colorado Rockies,MyBookie.ag,3.62,1.31,2.5,1.83,-2.5,2.0,8.5,1.95,1.9,3-14,2.0,13-6,6.0,-2.31,-1.0164468886246194,-5.0,Home,0.8592837168465792,Under,0.796684912892018,3.7651510859942405,3.939358956420146,ðŸ”¥ðŸ”¥ðŸ”¥ðŸ”¥,ðŸ”¥ðŸ”¥ðŸ”¥ðŸ”¥
2025-04-15,Miami Marlins,Arizona Diamondbacks,MyBookie.ag,1.63,2.34,-1.5,2.05,1.5,1.8,9.0,2.01,1.85,10-7,10.0,8-8,4.0,0.71,0.36157091455093904,3.0,Away,0.547866458500217,Over,0.6584294562411013,5.105245629904703,6.83373395088382,ðŸ”¥,ðŸ”¥ðŸ”¥
2025-04-15,Cincinnati Reds,Seattle Mariners,MyBookie.ag,1.93,1.92,-1.5,2.5,1.5,1.56,8.5,1.82,2.04,8-9,4.0,9-8,8.0,-0.010000000000000009,-0.005194816877104023,3.0,Home,0.6120629661873533,Under,0.6046091747441242,4.608955704747344,4.708305438529567,ðŸ”¥ðŸ”¥,ðŸ”¥ðŸ”¥
2025-04-15,Pittsburgh Pirates,Washington Nationals,MyBookie.ag,2.15,1.74,1.5,1.53,-1.5,2.58,8.5,1.95,1.89,7-10,3.0,6-12,0.0,-0.4099999999999999,-0.21158272891313376,-3.0,Home,0.6650896280399559,Under,0.5905369888256933,3.7134882745866067,4.189900810981133,ðŸ”¥ðŸ”¥ðŸ”¥,ðŸ”¥
2025-04-15,Philadelphia Phillies,San Francisco Giants,MyBookie.ag,2.4,1.61,1.5,1.64,-1.5,2.34,8.0,1.87,1.98,12-5,4.0,10-7,6.0,-0.7899999999999998,-0.39923455835752825,-3.0,Home,0.885429927295354,Over,0.741097375281681,5.224275353470144,3.6095642516562383,ðŸ”¥ðŸ”¥ðŸ”¥ðŸ”¥ðŸ”¥,ðŸ”¥ðŸ”¥ðŸ”¥
2025-04-15,Baltimore Orioles,Cleveland Guardians,MyBookie.ag,2.27,1.67,1.5,1.62,-1.5,2.41,9.0,1.99,1.86,9-7,6.0,6-10,3.0,-0.6000000000000001,-0.30695620506464766,-3.0,Home,0.7813714067701435,Under,0.7864049564340552,5.268784371855657,3.6297482684033415,ðŸ”¥ðŸ”¥ðŸ”¥,ðŸ”¥ðŸ”¥ðŸ”¥ðŸ”¥
2025-04-15,Tampa Bay Rays,Boston Red Sox,MyBookie.ag,2.14,1.75,1.5,1.56,-1.5,2.52,9.0,1.98,1.87,9-10,7.0,8-9,4.0,-0.3900000000000001,-0.20119004109833752,-3.0,Home,0.724520712889519,Under,0.5080000295158654,4.76188292253964,4.567904409675866,ðŸ”¥ðŸ”¥ðŸ”¥,ðŸ”¥
2025-04-15,New York Yankees,Kansas City Royals,MyBookie.ag,2.8,1.46,1.5,1.91,-1.5,1.91,8.5,1.84,2.01,8-10,2.0,10-7,4.0,-1.3399999999999999,-0.6511829814609131,-3.0,Home,0.8592837168465792,Under,0.7590394361210349,3.7651510859942405,3.939358956420146,ðŸ”¥ðŸ”¥ðŸ”¥ðŸ”¥,ðŸ”¥ðŸ”¥ðŸ”¥
2025-04-15,Toronto Blue Jays,Atlanta Braves,MyBookie.ag,1.9,1.95,-1.5,2.5,1.5,1.56,7.5,1.96,1.89,5-12,3.0,10-8,6.0,0.050000000000000044,0.025975486403260736,3.0,Home,0.6185798663870095,Over,0.6963345739281492,3.9668644134091395,3.833137753821531,ðŸ”¥ðŸ”¥,ðŸ”¥ðŸ”¥ðŸ”¥
2025-04-15,Chicago White Sox,Oakland Athletics,MyBookie.ag,1.63,2.34,-1.5,2.05,1.5,1.8,7.5,1.86,1.99,,,,,0.71,0.36157091455093904,3.0,Away,0.5850040460486963,Under,0.5653638278737302,4.278732325495647,4.05710418005676,ðŸ”¥ðŸ”¥,ðŸ”¥
2025-04-15,Milwaukee Brewers,Detroit Tigers,MyBookie.ag,1.87,1.98,-1.5,2.45,1.5,1.59,7.5,1.88,1.97,10-7,0.0,9-9,5.0,0.10999999999999988,0.05715841383994862,3.0,Home,0.849903392478719,Under,0.764704133723578,3.8061964933186205,2.1556802907387564,ðŸ”¥ðŸ”¥ðŸ”¥ðŸ”¥,ðŸ”¥ðŸ”¥ðŸ”¥
2025-04-15,Minnesota Twins,New York Mets,MyBookie.ag,1.88,1.97,-1.5,2.5,1.5,1.56,8.0,1.87,1.98,11-6,3.0,6-12,6.0,0.09000000000000008,0.046761765908039286,3.0,Home,0.6993736859427941,Under,0.7555164537051023,6.444982216959332,2.3560560751171455,ðŸ”¥ðŸ”¥ðŸ”¥,ðŸ”¥ðŸ”¥ðŸ”¥
2025-04-15,St. Louis Cardinals,Houston Astros,MyBookie.ag,1.79,2.08,-1.5,2.47,1.5,1.59,7.5,1.92,1.92,8-9,2.0,8-9,0.0,0.29000000000000004,0.15015227386056307,3.0,Away,0.5545385782974215,Under,0.5866021470323709,3.9804443640127003,2.4699746196939074,ðŸ”¥,ðŸ”¥
2025-04-16,Texas Rangers,Los Angeles Angels,MyBookie.ag,2.05,1.81,1.5,1.5,-1.5,2.6,8.5,1.86,1.99,9-8,1.0,11-7,3.0,-0.23999999999999977,-0.1245129478725823,-3.0,Away,0.7295512361057399,Under,0.8235384156559196,3.4160295138752477,2.5933810767731926,ðŸ”¥ðŸ”¥ðŸ”¥,ðŸ”¥ðŸ”¥ðŸ”¥ðŸ”¥
2025-04-16,Los Angeles Dodgers,Colorado Rockies,MyBookie.ag,3.54,1.32,2.5,1.71,-2.5,2.17,8.5,1.99,1.86,3-15,7.0,14-6,8.0,-2.2199999999999998,-0.9864949905474035,-5.0,Home,0.8592837168465792,Over,0.5064348987758833,3.7651510859942405,3.939358956420146,ðŸ”¥ðŸ”¥ðŸ”¥ðŸ”¥,ðŸ”¥
2025-04-16,Toronto Blue Jays,Atlanta Braves,MyBookie.ag,1.74,2.15,-1.5,2.3,1.5,1.67,7.0,1.8,2.02,5-13,1.0,11-8,3.0,0.4099999999999999,0.21158272891313376,3.0,Away,0.5850040460486963,Under,0.7153814862801546,4.476986013813792,2.43814024528328,ðŸ”¥ðŸ”¥,ðŸ”¥ðŸ”¥ðŸ”¥
2025-04-16,Milwaukee Brewers,Detroit Tigers,MyBookie.ag,2.29,1.66,1.5,1.59,-1.5,2.49,8.0,1.87,1.94,10-8,1.0,10-9,5.0,-0.6300000000000001,-0.3217342151976965,-3.0,Home,0.7735157108769939,Under,0.7386064026635147,4.724583689370686,3.5338853998213238,ðŸ”¥ðŸ”¥ðŸ”¥,ðŸ”¥ðŸ”¥ðŸ”¥
2025-04-16,Minnesota Twins,New York Mets,MyBookie.ag,2.01,1.84,-1.5,2.6,1.5,1.5,8.5,1.94,1.87,11-7,3.0,7-12,4.0,-0.1699999999999997,-0.08836915045008996,3.0,Home,0.6595398248788524,Under,0.8484662184585268,4.084333114616273,4.1106801812583456,ðŸ”¥ðŸ”¥,ðŸ”¥ðŸ”¥ðŸ”¥ðŸ”¥
2025-04-16,St. Louis Cardinals,Houston Astros,MyBookie.ag,1.93,1.92,-1.5,2.5,1.5,1.56,8.5,1.96,1.85,8-10,1.0,9-9,4.0,-0.010000000000000009,-0.005194816877104023,3.0,Home,0.6120629661873533,Over,0.7184270317063052,4.608955704747344,4.708305438529567,ðŸ”¥ðŸ”¥,ðŸ”¥ðŸ”¥ðŸ”¥
2025-04-16,San Diego Padres,Chicago Cubs,MyBookie.ag,2.07,1.8,1.5,1.5,-1.5,2.6,7.5,1.89,1.92,12-9,2.0,15-4,4.0,-0.2699999999999998,-0.1397619423751586,-3.0,Away,0.7882088433896312,Under,0.6856114027457655,4.581023667165007,1.9317429162372535,ðŸ”¥ðŸ”¥ðŸ”¥,ðŸ”¥ðŸ”¥
2025-04-16,Baltimore Orioles,Cleveland Guardians,MyBookie.ag,2.06,1.8,1.5,1.5,-1.5,2.6,8.0,1.87,1.94,9-8,1.0,7-10,9.0,-0.26,-0.13491931789937076,-3.0,Away,0.6641213324975923,Under,0.795795912479577,7.135530639966352,1.6729454446024208,ðŸ”¥ðŸ”¥,ðŸ”¥ðŸ”¥ðŸ”¥ðŸ”¥
2025-04-16,Miami Marlins,Arizona Diamondbacks,MyBookie.ag,1.68,2.25,-1.5,2.15,1.5,1.74,8.5,1.88,1.93,11-7,6.0,8-9,2.0,0.5700000000000001,0.2921364228011613,3.0,Away,0.5752676931768557,Under,0.5671370046265681,3.799150724690758,4.267001771393383,ðŸ”¥,ðŸ”¥
2025-04-16,Cincinnati Reds,Seattle Mariners,MyBookie.ag,1.81,2.05,-1.5,2.35,1.5,1.65,9.0,2.01,1.81,9-9,5.0,9-9,3.0,0.23999999999999977,0.12451294787258232,3.0,Home,0.7428134526963752,Under,0.6134127714164286,5.310965475867884,4.711029607100446,ðŸ”¥ðŸ”¥ðŸ”¥,ðŸ”¥ðŸ”¥
2025-04-16,Pittsburgh Pirates,Washington Nationals,MyBookie.ag,1.89,1.96,-1.5,2.45,1.5,1.59,8.0,1.85,1.97,7-11,1.0,7-12,6.0,0.07000000000000006,0.03636764417087479,3.0,Home,0.7288822438466146,Under,0.7468179339604314,5.063308746891544,3.841885893041466,ðŸ”¥ðŸ”¥ðŸ”¥,ðŸ”¥ðŸ”¥ðŸ”¥
2025-04-16,Philadelphia Phillies,San Francisco Giants,MyBookie.ag,2.23,1.69,1.5,1.59,-1.5,2.45,7.5,1.89,1.92,13-5,11.0,10-8,4.0,-0.54,-0.2772730565370453,-3.0,Away,0.5619762786859408,Over,0.5572803684102676,5.108005595350083,5.748970299723843,ðŸ”¥,ðŸ”¥
2025-04-16,Tampa Bay Rays,Boston Red Sox,MyBookie.ag,2.18,1.72,1.5,1.62,-1.5,2.4,9.0,1.83,1.98,10-10,1.0,8-10,0.0,-0.4600000000000002,-0.23700058597563606,-3.0,Home,0.5182616529471917,Under,0.5950539153195951,4.922879335401213,3.87089345254323,ðŸ”¥,ðŸ”¥ðŸ”¥
2025-04-16,New York Yankees,Kansas City Royals,MyBookie.ag,2.34,1.63,1.5,1.67,-1.5,2.3,8.0,1.86,1.95,8-11,3.0,11-7,4.0,-0.71,-0.36157091455093915,-3.0,Home,0.885429927295354,Under,0.6300946065008849,5.224275353470144,3.635331409837645,ðŸ”¥ðŸ”¥ðŸ”¥ðŸ”¥ðŸ”¥,ðŸ”¥ðŸ”¥
2025-04-16,Chicago White Sox,Oakland Athletics,MyBookie.ag,1.66,2.29,-1.5,2.06,1.5,1.8,7.5,1.91,1.9,,,,,0.6300000000000001,0.32173421519769646,3.0,Away,0.5850040460486963,Over,0.6101499383289244,4.1588405349489035,4.073084816530505,ðŸ”¥ðŸ”¥,ðŸ”¥ðŸ”¥
2025-04-17,Texas Rangers,Los Angeles Angels,MyBookie.ag,1.76,2.12,-1.5,2.2,1.5,1.71,9.5,1.92,1.89,9-9,3.0,12-7,5.0,0.3600000000000001,0.1861022796338607,3.0,Away,0.547866458500217,Under,0.8338766807748436,5.2158946750522235,4.711029607100446,ðŸ”¥,ðŸ”¥ðŸ”¥ðŸ”¥ðŸ”¥
2025-04-17,Los Angeles Dodgers,Colorado Rockies,MyBookie.ag,3.52,1.32,2.5,1.8,-2.5,2.05,8.5,1.91,1.9,,,,,-2.2,-0.9808292530117262,-5.0,Home,0.8592837168465792,Under,0.7355370292696438,3.7651510859942405,3.939358956420146,ðŸ”¥ðŸ”¥ðŸ”¥ðŸ”¥,ðŸ”¥ðŸ”¥ðŸ”¥
2025-04-17,Miami Marlins,Arizona Diamondbacks,MyBookie.ag,1.7,2.22,-1.5,2.15,1.5,1.74,8.5,1.91,1.9,12-7,6.0,8-10,4.0,0.5200000000000002,0.26687894482201785,3.0,Away,0.5752676931768557,Over,0.7225207571596018,3.799150724690758,4.267001771393383,ðŸ”¥,ðŸ”¥ðŸ”¥ðŸ”¥
2025-04-17,Pittsburgh Pirates,Washington Nationals,MyBookie.ag,2.24,1.68,1.5,1.56,-1.5,2.5,8.0,1.94,1.87,7-12,0.0,8-12,1.0,-0.5600000000000003,-0.28768207245178107,-3.0,Home,0.5946593645341357,Under,0.7287215831904821,4.834287391619768,3.3396432911073455,ðŸ”¥ðŸ”¥,ðŸ”¥ðŸ”¥ðŸ”¥
2025-04-17,Cincinnati Reds,Seattle Mariners,MyBookie.ag,2.09,1.78,1.5,1.56,-1.5,2.5,9.0,1.96,1.85,10-9,11.0,9-10,7.0,-0.30999999999999983,-0.16055070167272573,-3.0,Home,0.5222811271005583,Over,0.6284699606801464,9.055199866720034,3.9609555777856476,ðŸ”¥,ðŸ”¥ðŸ”¥
2025-04-17,Chicago White Sox,Oakland Athletics,MyBookie.ag,1.7,2.21,-1.5,2.25,1.5,1.69,8.0,1.92,1.89,,,,,0.51,0.26236426446749106,3.0,Home,0.6109487555406944,Over,0.6959708990822261,5.131559571651518,2.0284440914978825,ðŸ”¥ðŸ”¥,ðŸ”¥ðŸ”¥ðŸ”¥
2025-04-17,Philadelphia Phillies,San Francisco Giants,MyBookie.ag,2.53,1.55,1.5,1.71,-1.5,2.2,8.0,1.93,1.88,13-6,4.0,11-8,6.0,-0.9799999999999998,-0.48996437180827357,-3.0,Home,0.885429927295354,Over,0.648343879121555,3.975028231723924,3.6901612022885986,ðŸ”¥ðŸ”¥ðŸ”¥ðŸ”¥ðŸ”¥,ðŸ”¥ðŸ”¥
2025-04-17,Baltimore Orioles,Cleveland Guardians,MyBookie.ag,1.94,1.91,-1.5,2.45,1.5,1.59,8.5,1.9,1.91,9-9,2.0,8-10,6.0,-0.030000000000000027,-0.015584731016698316,3.0,Away,0.5804028923385107,Under,0.593172558947014,4.307957783748676,5.245527020243952,ðŸ”¥,ðŸ”¥ðŸ”¥
2025-04-17,Detroit Tigers,Kansas City Royals,MyBookie.ag,2.25,1.68,1.5,1.65,-1.5,2.35,8.0,1.94,1.87,8-12,1.0,11-8,6.0,-0.5700000000000001,-0.2921364228011613,-3.0,Home,0.7735157108769939,Under,0.5932230475200193,5.063904532894331,3.3396432911073455,ðŸ”¥ðŸ”¥ðŸ”¥,ðŸ”¥ðŸ”¥
2025-04-17,Tampa Bay Rays,New York Yankees,MyBookie.ag,1.92,1.93,-1.5,2.5,1.5,1.56,9.0,1.99,1.83,12-7,6.0,8-11,3.0,0.010000000000000009,0.00519481687710393,3.0,Home,0.5180569544580619,Over,0.6000421167184565,5.64249647268183,4.465075522844207,ðŸ”¥,ðŸ”¥ðŸ”¥
2025-04-17,New York Mets,St. Louis Cardinals,MyBookie.ag,2.15,1.74,1.5,1.56,-1.5,2.5,8.0,1.98,1.84,9-10,1.0,12-7,4.0,-0.4099999999999999,-0.21158272891313376,-3.0,Home,0.7118069791177254,Under,0.7467854713029827,3.3573675525501074,2.8888858577247913,ðŸ”¥ðŸ”¥ðŸ”¥,ðŸ”¥ðŸ”¥ðŸ”¥
2025-04-18,Texas Rangers,Los Angeles Angels,MyBookie.ag,2.27,1.67,1.5,1.67,-1.5,2.3,9.5,1.94,1.87,,,,,-0.6000000000000001,-0.30695620506464766,-3.0,Home,0.7813714067701435,Under,0.7949101745084729,5.268784371855657,3.6297482684033415,ðŸ”¥ðŸ”¥ðŸ”¥,ðŸ”¥ðŸ”¥ðŸ”¥ðŸ”¥
2025-04-19,Colorado Rockies,Washington Nationals,MyBookie.ag,1.75,2.14,-1.5,2.2,1.5,1.71,8.5,1.9,1.91,,,,,0.3900000000000001,0.20119004109833744,3.0,Away,0.5752676931768557,Under,0.7285354653612328,3.743766769605852,4.717280438809348,ðŸ”¥,ðŸ”¥ðŸ”¥ðŸ”¥
2025-04-18,Chicago Cubs,Arizona Diamondbacks,MyBookie.ag,6.0,1.12,2.5,1.75,-2.5,2.0,7.0,1.9,1.8,12-7,11.0,12-9,13.0,-4.88,-1.6784307839210517,-5.0,Home,0.7735169403514501,Over,0.719778092264354,5.883976593091552,2.720198821217098,ðŸ”¥ðŸ”¥ðŸ”¥,ðŸ”¥ðŸ”¥ðŸ”¥
2025-04-18,Pittsburgh Pirates,Cleveland Guardians,MyBookie.ag,1.75,2.13,-1.5,2.3,1.5,1.67,8.5,1.87,1.94,9-9,,8-12,,0.3799999999999999,0.196506191785911,3.0,Away,0.5752676931768557,Under,0.8541552657011002,3.743766769605852,4.717280438809348,ðŸ”¥,ðŸ”¥ðŸ”¥ðŸ”¥ðŸ”¥
2025-04-18,Detroit Tigers,Kansas City Royals,MyBookie.ag,1.71,2.2,-1.5,2.22,1.5,1.69,7.5,1.88,1.94,8-12,,11-8,,0.4900000000000002,0.2519639898497018,3.0,Away,0.5850040460486963,Under,0.8018960169199844,3.0745437172308936,1.690027208893752,ðŸ”¥ðŸ”¥,ðŸ”¥ðŸ”¥ðŸ”¥ðŸ”¥
2025-04-18,Philadelphia Phillies,Miami Marlins,MyBookie.ag,2.87,1.45,1.5,1.87,-1.5,1.95,7.5,1.89,1.92,8-10,,11-8,,-1.4200000000000002,-0.6827484733390468,-3.0,Home,0.8112959961020119,Under,0.6533476329745364,5.408186731149763,2.9798261019825376,ðŸ”¥ðŸ”¥ðŸ”¥ðŸ”¥,ðŸ”¥ðŸ”¥
2025-04-18,Baltimore Orioles,Cincinnati Reds,MyBookie.ag,2.41,1.6,1.5,1.66,-1.5,2.31,9.0,1.85,1.96,9-10,,8-10,,-0.81,-0.4096231182568281,-3.0,Home,0.8899560761027004,Under,0.6770729879252713,5.577687696973659,3.603981110221935,ðŸ”¥ðŸ”¥ðŸ”¥ðŸ”¥ðŸ”¥,ðŸ”¥ðŸ”¥
2025-04-18,Tampa Bay Rays,New York Yankees,MyBookie.ag,1.85,2.0,-1.5,2.4,1.5,1.62,8.5,1.96,1.85,12-7,,8-11,,0.1499999999999999,0.07796154146971171,3.0,Home,0.7177714729218788,Over,0.7935965260549915,4.159138480396593,4.717280438809348,ðŸ”¥ðŸ”¥ðŸ”¥,ðŸ”¥ðŸ”¥ðŸ”¥ðŸ”¥
2025-04-18,Toronto Blue Jays,Seattle Mariners,MyBookie.ag,1.99,1.86,-1.5,2.6,1.5,1.5,8.0,1.94,1.87,10-9,,11-8,,-0.1299999999999999,-0.06755815101129109,3.0,Home,0.9039926850285438,Over,0.7570996000491653,4.523436840834722,6.0073952891530285,ðŸ”¥ðŸ”¥ðŸ”¥ðŸ”¥ðŸ”¥,ðŸ”¥ðŸ”¥ðŸ”¥
2025-04-18,Atlanta Braves,Minnesota Twins,MyBookie.ag,2.21,1.7,1.5,1.59,-1.5,2.45,8.0,1.87,1.94,7-12,,5-13,,-0.51,-0.262364264467491,-3.0,Home,0.5946593645341357,Under,0.6453506414414723,4.320960475837087,4.4603917178017864,ðŸ”¥ðŸ”¥,ðŸ”¥ðŸ”¥
2025-04-18,Boston Red Sox,Chicago White Sox,MyBookie.ag,2.79,1.47,1.5,1.87,-1.5,1.95,9.0,1.85,1.96,4-14,,10-10,,-1.32,-0.6407791950426294,-3.0,Home,0.8899560761027004,Under,0.8626948262128747,4.328803125760425,3.683592798280323,ðŸ”¥ðŸ”¥ðŸ”¥ðŸ”¥ðŸ”¥,ðŸ”¥ðŸ”¥ðŸ”¥ðŸ”¥
2025-04-18,New York Mets,St. Louis Cardinals,MyBookie.ag,2.65,1.51,1.5,1.74,-1.5,2.14,8.0,1.87,1.95,9-10,,12-7,,-1.14,-0.562449989171298,-3.0,Home,0.885429927295354,Under,0.690403267094601,3.975028231723924,3.649186555060488,ðŸ”¥ðŸ”¥ðŸ”¥ðŸ”¥ðŸ”¥,ðŸ”¥ðŸ”¥ðŸ”¥
2025-04-19,Los Angeles Angels,San Francisco Giants,MyBookie.ag,1.62,2.36,-1.5,2.05,1.5,1.8,8.0,1.92,1.89,,,,,0.7399999999999998,0.37623546979322586,3.0,Home,0.6109487555406944,Under,0.5039869900696233,5.070103834334656,4.065852319276695,ðŸ”¥ðŸ”¥,ðŸ”¥
2025-04-19,Philadelphia Phillies,Miami Marlins,MyBookie.ag,2.78,1.47,1.5,1.91,-1.5,1.91,10.0,1.92,1.89,,,,,-1.3099999999999998,-0.6371885269119006,-3.0,Home,0.8899560761027004,Under,0.8066982072429928,4.328803125760425,3.683592798280323,ðŸ”¥ðŸ”¥ðŸ”¥ðŸ”¥ðŸ”¥,ðŸ”¥ðŸ”¥ðŸ”¥ðŸ”¥
2025-04-19,Detroit Tigers,Kansas City Royals,MyBookie.ag,2.01,1.85,,,,,,,,,,,,-0.1599999999999997,-0.08294908298075078,,,,,,,,ðŸ”¥,ðŸ”¥
2025-04-19,Chicago Cubs,Arizona Diamondbacks,MyBookie.ag,1.89,1.96,-1.5,2.5,1.5,1.56,7.5,1.92,1.89,,,,,0.07000000000000006,0.03636764417087479,3.0,Home,0.5885731354355342,Over,0.5306734522090564,3.9668644134091395,3.833137753821531,ðŸ”¥ðŸ”¥,ðŸ”¥
2025-04-19,Toronto Blue Jays,Seattle Mariners,MyBookie.ag,1.78,2.09,-1.5,2.3,1.5,1.67,8.5,1.95,1.86,,,,,0.30999999999999983,0.16055070167272575,3.0,Away,0.5446438211861949,Under,0.5446180413835722,3.7180606461324004,4.717280438809348,ðŸ”¥,ðŸ”¥
2025-04-19,Baltimore Orioles,Cincinnati Reds,MyBookie.ag,1.88,1.96,-1.5,2.45,1.5,1.59,9.0,1.95,1.86,,,,,0.08000000000000007,0.04167269640056808,3.0,Home,0.5299437331775853,Under,0.5972118029543314,5.64249647268183,5.011591278613444,ðŸ”¥,ðŸ”¥ðŸ”¥
2025-04-19,Pittsburgh Pirates,Cleveland Guardians,MyBookie.ag,2.52,1.56,1.5,1.74,-1.5,2.15,7.5,1.85,1.97,,,,,-0.96,-0.4795730802618862,-3.0,Home,0.8112959961020119,Under,0.7278625099479888,5.408186731149763,3.020800749210648,ðŸ”¥ðŸ”¥ðŸ”¥ðŸ”¥,ðŸ”¥ðŸ”¥ðŸ”¥
2025-04-19,Texas Rangers,Los Angeles Dodgers,MyBookie.ag,1.78,2.09,-1.5,2.3,1.5,1.67,8.5,1.91,1.9,,,,,0.30999999999999983,0.16055070167272575,3.0,Away,0.5446438211861949,Under,0.5667119502965509,3.7180606461324004,4.717280438809348,ðŸ”¥,ðŸ”¥
2025-04-19,New York Mets,St. Louis Cardinals,MyBookie.ag,2.43,1.59,1.5,1.71,-1.5,2.2,8.5,1.97,1.84,,,,,-0.8400000000000001,-0.4241572411203169,-3.0,Home,0.8592837168465792,Over,0.5889807489909717,3.480738816942433,3.8597472683617577,ðŸ”¥ðŸ”¥ðŸ”¥ðŸ”¥,ðŸ”¥
2025-04-19,Boston Red Sox,Chicago White Sox,MyBookie.ag,3.53,1.32,2.5,1.8,-2.5,2.05,8.5,1.91,1.9,,,,,-2.21,-0.9836661343469257,-5.0,Home,0.8592837168465792,Under,0.7355370292696438,3.7651510859942405,3.939358956420146,ðŸ”¥ðŸ”¥ðŸ”¥ðŸ”¥,ðŸ”¥ðŸ”¥ðŸ”¥
2025-04-19,Tampa Bay Rays,New York Yankees,MyBookie.ag,2.15,1.74,1.5,1.59,-1.5,2.45,9.0,1.82,1.99,,,,,-0.4099999999999999,-0.21158272891313376,-3.0,Home,0.724520712889519,Under,0.6364464634189275,4.694668645053794,3.87089345254323,ðŸ”¥ðŸ”¥ðŸ”¥,ðŸ”¥ðŸ”¥
2025-04-19,Houston Astros,San Diego Padres,MyBookie.ag,1.82,2.0,-1.5,2.4,1.5,1.62,8.0,1.9,1.91,,,,,0.17999999999999994,0.09431067947124121,3.0,Home,0.8460563393710644,Over,0.5834003956773758,4.932594835582137,3.0727713643759227,ðŸ”¥ðŸ”¥ðŸ”¥ðŸ”¥,ðŸ”¥
2025-04-19,Milwaukee Brewers,Oakland Athletics,MyBookie.ag,2.09,1.75,1.5,1.56,-1.5,2.5,8.5,1.97,1.84,,,,,-0.33999999999999986,-0.17754827804129691,-3.0,Away,0.5477925132118477,Over,0.5966669932353096,4.624959799121909,4.405434078907281,ðŸ”¥,ðŸ”¥ðŸ”¥
2025-04-19,Atlanta Braves,Minnesota Twins,MyBookie.ag,2.67,1.48,1.5,1.8,-1.5,2.05,8.0,1.98,1.84,,,,,-1.19,-0.5900363846361344,-3.0,Home,0.885429927295354,Under,0.7794688136967131,3.975028231723924,3.649186555060488,ðŸ”¥ðŸ”¥ðŸ”¥ðŸ”¥ðŸ”¥,ðŸ”¥ðŸ”¥ðŸ”¥
2025-04-20,Los Angeles Angels,San Francisco Giants,MyBookie.ag,1.79,2.04,-1.5,2.35,1.5,1.65,8.5,1.82,2.0,,,,,0.25,0.13073418800346132,3.0,Home,0.7209785766297091,Under,0.6848847544785324,4.17088984125259,4.717280438809348,ðŸ”¥ðŸ”¥ðŸ”¥,ðŸ”¥ðŸ”¥
